pokedex_number,name,generation,type,height_m,weight_kg,hp,attack,defense,sp_attack,sp_defense,speed,growth_rate,smaller_than_pikachu,growth_rate_number
1,Bulbasaur,1,Grass,0.7,6.9,45,49,49,65,65,45,Medium Slow,0,1
2,Ivysaur,1,Grass,1,13,60,62,63,80,80,60,Medium Slow,0,1
3,Venusaur,1,Grass,2,100,80,82,83,100,100,80,Medium Slow,0,1
3,Mega Venusaur,1,Grass,2.4,155.5,80,100,123,122,120,80,Medium Slow,0,1
4,Charmander,1,Fire,0.6,8.5,39,52,43,60,50,65,Medium Slow,0,1
5,Charmeleon,1,Fire,1.1,19,58,64,58,80,65,80,Medium Slow,0,1
6,Charizard,1,Fire,1.7,90.5,78,84,78,109,85,100,Medium Slow,0,1
6,Mega Charizard X,1,Fire,1.7,110.5,78,130,111,130,85,100,Medium Slow,0,1
6,Mega Charizard Y,1,Fire,1.7,100.5,78,104,78,159,115,100,Medium Slow,0,1
7,Squirtle,1,Water,0.5,9,44,48,65,50,64,43,Medium Slow,0,1
8,Wartortle,1,Water,1,22.5,59,63,80,65,80,58,Medium Slow,0,1
9,Blastoise,1,Water,1.6,85.5,79,83,100,85,105,78,Medium Slow,0,1
9,Mega Blastoise,1,Water,1.6,101.1,79,103,120,135,115,78,Medium Slow,0,1
10,Caterpie,1,Bug,0.3,2.9,45,30,35,20,20,45,Medium Fast,1,2
11,Metapod,1,Bug,0.7,9.9,50,20,55,25,25,30,Medium Fast,0,2
12,Butterfree,1,Bug,1.1,32,60,45,50,90,80,70,Medium Fast,0,2
13,Weedle,1,Bug,0.3,3.2,40,35,30,20,20,50,Medium Fast,1,2
14,Kakuna,1,Bug,0.6,10,45,25,50,25,25,35,Medium Fast,0,2
15,Beedrill,1,Bug,1,29.5,65,90,40,45,80,75,Medium Fast,0,2
15,Mega Beedrill,1,Bug,1.4,40.5,65,150,40,15,80,145,Medium Fast,0,2
16,Pidgey,1,Normal,0.3,1.8,40,45,40,35,35,56,Medium Slow,1,1
17,Pidgeotto,1,Normal,1.1,30,63,60,55,50,50,71,Medium Slow,0,1
18,Pidgeot,1,Normal,1.5,39.5,83,80,75,70,70,101,Medium Slow,0,1
18,Mega Pidgeot,1,Normal,2.2,50.5,83,80,80,135,80,121,Medium Slow,0,1
19,Rattata,1,Normal,0.3,3.5,30,56,35,25,35,72,Medium Fast,1,2
19,Alolan Rattata,1,Dark,0.3,3.8,30,56,35,25,35,72,Medium Fast,1,2
20,Raticate,1,Normal,0.7,18.5,55,81,60,50,70,97,Medium Fast,0,2
20,Alolan Raticate,1,Dark,0.7,25.5,75,71,70,40,80,77,Medium Fast,0,2
21,Spearow,1,Normal,0.3,2,40,60,30,31,31,70,Medium Fast,1,2
22,Fearow,1,Normal,1.2,38,65,90,65,61,61,100,Medium Fast,0,2
23,Ekans,1,Poison,2,6.9,35,60,44,40,54,55,Medium Fast,0,2
24,Arbok,1,Poison,3.5,65,60,95,69,65,79,80,Medium Fast,0,2
25,Pikachu,1,Electric,0.4,6,35,55,40,50,50,90,Medium Fast,0,2
25,Partner Pikachu,1,Electric,0.4,6,45,80,50,75,60,120,Medium Fast,0,2
26,Raichu,1,Electric,0.8,30,60,90,55,90,80,110,Medium Fast,0,2
26,Alolan Raichu,1,Electric,0.7,21,60,85,50,95,85,110,Medium Fast,0,2
27,Sandshrew,1,Ground,0.6,12,50,75,85,20,30,40,Medium Fast,0,2
27,Alolan Sandshrew,1,Ice,0.7,40,50,75,90,10,35,40,Medium Fast,0,2
28,Sandslash,1,Ground,1,29.5,75,100,110,45,55,65,Medium Fast,0,2
28,Alolan Sandslash,1,Ice,1.2,55,75,100,120,25,65,65,Medium Fast,0,2
29,Nidoran♀,1,Poison,0.4,7,55,47,52,40,40,41,Medium Slow,0,1
30,Nidorina,1,Poison,0.8,20,70,62,67,55,55,56,Medium Slow,0,1
31,Nidoqueen,1,Poison,1.3,60,90,92,87,75,85,76,Medium Slow,0,1
32,Nidoran♂,1,Poison,0.5,9,46,57,40,40,40,50,Medium Slow,0,1
33,Nidorino,1,Poison,0.9,19.5,61,72,57,55,55,65,Medium Slow,0,1
34,Nidoking,1,Poison,1.4,62,81,102,77,85,75,85,Medium Slow,0,1
35,Clefairy,1,Fairy,0.6,7.5,70,45,48,60,65,35,Fast,0,3
36,Clefable,1,Fairy,1.3,40,95,70,73,95,90,60,Fast,0,3
37,Vulpix,1,Fire,0.6,9.9,38,41,40,50,65,65,Medium Fast,0,2
37,Alolan Vulpix,1,Ice,0.6,9.9,38,41,40,50,65,65,Medium Fast,0,2
38,Ninetales,1,Fire,1.1,19.9,73,76,75,81,100,100,Medium Fast,0,2
38,Alolan Ninetales,1,Ice,1.1,19.9,73,67,75,81,100,109,Medium Fast,0,2
39,Jigglypuff,1,Normal,0.5,5.5,115,45,20,45,25,20,Fast,1,3
40,Wigglytuff,1,Normal,1,12,140,70,45,85,50,45,Fast,0,3
41,Zubat,1,Poison,0.8,7.5,40,45,35,30,40,55,Medium Fast,0,2
42,Golbat,1,Poison,1.6,55,75,80,70,65,75,90,Medium Fast,0,2
43,Oddish,1,Grass,0.5,5.4,45,50,55,75,65,30,Medium Slow,1,1
44,Gloom,1,Grass,0.8,8.6,60,65,70,85,75,40,Medium Slow,0,1
45,Vileplume,1,Grass,1.2,18.6,75,80,85,110,90,50,Medium Slow,0,1
46,Paras,1,Bug,0.3,5.4,35,70,55,45,55,25,Medium Fast,1,2
47,Parasect,1,Bug,1,29.5,60,95,80,60,80,30,Medium Fast,0,2
48,Venonat,1,Bug,1,30,60,55,50,40,55,45,Medium Fast,0,2
49,Venomoth,1,Bug,1.5,12.5,70,65,60,90,75,90,Medium Fast,0,2
50,Diglett,1,Ground,0.2,0.8,10,55,25,35,45,95,Medium Fast,1,2
50,Alolan Diglett,1,Ground,0.2,1,10,55,30,35,45,90,Medium Fast,1,2
51,Dugtrio,1,Ground,0.7,33.3,35,100,50,50,70,120,Medium Fast,0,2
51,Alolan Dugtrio,1,Ground,0.7,66.6,35,100,60,50,70,110,Medium Fast,0,2
52,Meowth,1,Normal,0.4,4.2,40,45,35,40,40,90,Medium Fast,1,2
52,Alolan Meowth,1,Dark,0.4,4.2,40,35,35,50,40,90,Medium Fast,1,2
52,Galarian Meowth,1,Steel,0.4,7.5,50,65,55,40,40,40,Medium Fast,0,2
53,Persian,1,Normal,1,32,65,70,60,65,65,115,Medium Fast,0,2
53,Alolan Persian,1,Dark,1.1,33,65,60,60,75,65,115,Medium Fast,0,2
54,Psyduck,1,Water,0.8,19.6,50,52,48,65,50,55,Medium Fast,0,2
55,Golduck,1,Water,1.7,76.6,80,82,78,95,80,85,Medium Fast,0,2
56,Mankey,1,Fighting,0.5,28,40,80,35,35,45,70,Medium Fast,0,2
57,Primeape,1,Fighting,1,32,65,105,60,60,70,95,Medium Fast,0,2
58,Growlithe,1,Fire,0.7,19,55,70,45,70,50,60,Slow,0,0
59,Arcanine,1,Fire,1.9,155,90,110,80,100,80,95,Slow,0,0
60,Poliwag,1,Water,0.6,12.4,40,50,40,40,40,90,Medium Slow,0,1
61,Poliwhirl,1,Water,1,20,65,65,65,50,50,90,Medium Slow,0,1
62,Poliwrath,1,Water,1.3,54,90,95,95,70,90,70,Medium Slow,0,1
63,Abra,1,Psychic,0.9,19.5,25,20,15,105,55,90,Medium Slow,0,1
64,Kadabra,1,Psychic,1.3,56.5,40,35,30,120,70,105,Medium Slow,0,1
65,Alakazam,1,Psychic,1.5,48,55,50,45,135,95,120,Medium Slow,0,1
65,Mega Alakazam,1,Psychic,1.2,48,55,50,65,175,105,150,Medium Slow,0,1
66,Machop,1,Fighting,0.8,19.5,70,80,50,35,35,35,Medium Slow,0,1
67,Machoke,1,Fighting,1.5,70.5,80,100,70,50,60,45,Medium Slow,0,1
68,Machamp,1,Fighting,1.6,130,90,130,80,65,85,55,Medium Slow,0,1
69,Bellsprout,1,Grass,0.7,4,50,75,35,70,30,40,Medium Slow,1,1
70,Weepinbell,1,Grass,1,6.4,65,90,50,85,45,55,Medium Slow,0,1
71,Victreebel,1,Grass,1.7,15.5,80,105,65,100,70,70,Medium Slow,0,1
72,Tentacool,1,Water,0.9,45.5,40,40,35,50,100,70,Slow,0,0
73,Tentacruel,1,Water,1.6,55,80,70,65,80,120,100,Slow,0,0
74,Geodude,1,Rock,0.4,20,40,80,100,30,30,20,Medium Slow,0,1
74,Alolan Geodude,1,Rock,0.4,20.3,40,80,100,30,30,20,Medium Slow,0,1
75,Graveler,1,Rock,1,105,55,95,115,45,45,35,Medium Slow,0,1
75,Alolan Graveler,1,Rock,1,110,55,95,115,45,45,35,Medium Slow,0,1
76,Golem,1,Rock,1.4,300,80,120,130,55,65,45,Medium Slow,0,1
76,Alolan Golem,1,Rock,1.7,316,80,120,130,55,65,45,Medium Slow,0,1
77,Ponyta,1,Fire,1,30,50,85,55,65,65,90,Medium Fast,0,2
77,Galarian Ponyta,1,Psychic,0.8,24,50,85,55,65,65,90,Medium Fast,0,2
78,Rapidash,1,Fire,1.7,95,65,100,70,80,80,105,Medium Fast,0,2
78,Galarian Rapidash,1,Psychic,1.7,80,65,100,70,80,80,105,Medium Fast,0,2
79,Slowpoke,1,Water,1.2,36,90,65,65,40,40,15,Medium Fast,0,2
80,Slowbro,1,Water,1.6,78.5,95,75,110,100,80,30,Medium Fast,0,2
80,Mega Slowbro,1,Water,2,120,95,75,180,130,80,30,Medium Fast,0,2
81,Magnemite,1,Electric,0.3,6,25,35,70,95,55,45,Medium Fast,0,2
82,Magneton,1,Electric,1,60,50,60,95,120,70,70,Medium Fast,0,2
83,Farfetch'd,1,Normal,0.8,15,52,90,55,58,62,60,Medium Fast,0,2
83,Galarian Farfetch'd,1,Fighting,0.8,42,52,95,55,58,62,55,Medium Fast,0,2
84,Doduo,1,Normal,1.4,39.2,35,85,45,35,35,75,Medium Fast,0,2
85,Dodrio,1,Normal,1.8,85.2,60,110,70,60,60,110,Medium Fast,0,2
86,Seel,1,Water,1.1,90,65,45,55,45,70,45,Medium Fast,0,2
87,Dewgong,1,Water,1.7,120,90,70,80,70,95,70,Medium Fast,0,2
88,Grimer,1,Poison,0.9,30,80,80,50,40,50,25,Medium Fast,0,2
88,Alolan Grimer,1,Poison,0.7,42,80,80,50,40,50,25,Medium Fast,0,2
89,Muk,1,Poison,1.2,30,105,105,75,65,100,50,Medium Fast,0,2
89,Alolan Muk,1,Poison,1,52,105,105,75,65,100,50,Medium Fast,0,2
90,Shellder,1,Water,0.3,4,30,65,100,45,25,40,Slow,1,0
91,Cloyster,1,Water,1.5,132.5,50,95,180,85,45,70,Slow,0,0
92,Gastly,1,Ghost,1.3,0.1,30,35,30,100,35,80,Medium Slow,1,1
93,Haunter,1,Ghost,1.6,0.1,45,50,45,115,55,95,Medium Slow,1,1
94,Gengar,1,Ghost,1.5,40.5,60,65,60,130,75,110,Medium Slow,0,1
94,Mega Gengar,1,Ghost,1.4,40.5,60,65,80,170,95,130,Medium Slow,0,1
95,Onix,1,Rock,8.8,210,35,45,160,30,45,70,Medium Fast,0,2
96,Drowzee,1,Psychic,1,32.4,60,48,45,43,90,42,Medium Fast,0,2
97,Hypno,1,Psychic,1.6,75.6,85,73,70,73,115,67,Medium Fast,0,2
98,Krabby,1,Water,0.4,6.5,30,105,90,25,25,50,Medium Fast,0,2
99,Kingler,1,Water,1.3,60,55,130,115,50,50,75,Medium Fast,0,2
100,Voltorb,1,Electric,0.5,10.4,40,30,50,55,55,100,Medium Fast,0,2
101,Electrode,1,Electric,1.2,66.6,60,50,70,80,80,150,Medium Fast,0,2
102,Exeggcute,1,Grass,0.4,2.5,60,40,80,60,45,40,Slow,1,0
103,Exeggutor,1,Grass,2,120,95,95,85,125,75,55,Slow,0,0
103,Alolan Exeggutor,1,Grass,10.9,415.6,95,105,85,125,75,45,Slow,0,0
104,Cubone,1,Ground,0.4,6.5,50,50,95,40,50,35,Medium Fast,0,2
105,Marowak,1,Ground,1,45,60,80,110,50,80,45,Medium Fast,0,2
105,Alolan Marowak,1,Fire,1,34,60,80,110,50,80,45,Medium Fast,0,2
106,Hitmonlee,1,Fighting,1.5,49.8,50,120,53,35,110,87,Medium Fast,0,2
107,Hitmonchan,1,Fighting,1.4,50.2,50,105,79,35,110,76,Medium Fast,0,2
108,Lickitung,1,Normal,1.2,65.5,90,55,75,60,75,30,Medium Fast,0,2
109,Koffing,1,Poison,0.6,1,40,65,95,60,45,35,Medium Fast,1,2
110,Weezing,1,Poison,1.2,9.5,65,90,120,85,70,60,Medium Fast,0,2
110,Galarian Weezing,1,Poison,3,16,65,90,120,85,70,60,Medium Fast,0,2
111,Rhyhorn,1,Ground,1,115,80,85,95,30,30,25,Slow,0,0
112,Rhydon,1,Ground,1.9,120,105,130,120,45,45,40,Slow,0,0
113,Chansey,1,Normal,1.1,34.6,250,5,5,35,105,50,Fast,0,3
114,Tangela,1,Grass,1,35,65,55,115,100,40,60,Medium Fast,0,2
115,Kangaskhan,1,Normal,2.2,80,105,95,80,40,80,90,Medium Fast,0,2
115,Mega Kangaskhan,1,Normal,2.2,100,105,125,100,60,100,100,Medium Fast,0,2
116,Horsea,1,Water,0.4,8,30,40,70,70,25,60,Medium Fast,0,2
117,Seadra,1,Water,1.2,25,55,65,95,95,45,85,Medium Fast,0,2
118,Goldeen,1,Water,0.6,15,45,67,60,35,50,63,Medium Fast,0,2
119,Seaking,1,Water,1.3,39,80,92,65,65,80,68,Medium Fast,0,2
120,Staryu,1,Water,0.8,34.5,30,45,55,70,55,85,Slow,0,0
121,Starmie,1,Water,1.1,80,60,75,85,100,85,115,Slow,0,0
122,Mr. Mime,1,Psychic,1.3,54.5,40,45,65,100,120,90,Medium Fast,0,2
122,Galarian Mr. Mime,1,Psychic,1.4,56.8,50,65,65,90,90,100,Medium Fast,0,2
123,Scyther,1,Bug,1.5,56,70,110,80,55,80,105,Medium Fast,0,2
124,Jynx,1,Ice,1.4,40.6,65,50,35,115,95,95,Medium Fast,0,2
125,Electabuzz,1,Electric,1.1,30,65,83,57,95,85,105,Medium Fast,0,2
126,Magmar,1,Fire,1.3,44.5,65,95,57,100,85,93,Medium Fast,0,2
127,Pinsir,1,Bug,1.5,55,65,125,100,55,70,85,Slow,0,0
127,Mega Pinsir,1,Bug,1.7,59,65,155,120,65,90,105,Slow,0,0
128,Tauros,1,Normal,1.4,88.4,75,100,95,40,70,110,Slow,0,0
129,Magikarp,1,Water,0.9,10,20,10,55,15,20,80,Slow,0,0
130,Gyarados,1,Water,6.5,235,95,125,79,60,100,81,Slow,0,0
130,Mega Gyarados,1,Water,6.5,305,95,155,109,70,130,81,Slow,0,0
131,Lapras,1,Water,2.5,220,130,85,80,85,95,60,Slow,0,0
132,Ditto,1,Normal,0.3,4,48,48,48,48,48,48,Medium Fast,1,2
133,Eevee,1,Normal,0.3,6.5,55,55,50,45,65,55,Medium Fast,0,2
133,Partner Eevee,1,Normal,0.3,6.5,65,75,70,65,85,75,Medium Fast,0,2
134,Vaporeon,1,Water,1,29,130,65,60,110,95,65,Medium Fast,0,2
135,Jolteon,1,Electric,0.8,24.5,65,65,60,110,95,130,Medium Fast,0,2
136,Flareon,1,Fire,0.9,25,65,130,60,95,110,65,Medium Fast,0,2
137,Porygon,1,Normal,0.8,36.5,65,60,70,85,75,40,Medium Fast,0,2
138,Omanyte,1,Rock,0.4,7.5,35,40,100,90,55,35,Medium Fast,0,2
139,Omastar,1,Rock,1,35,70,60,125,115,70,55,Medium Fast,0,2
140,Kabuto,1,Rock,0.5,11.5,30,80,90,55,45,55,Medium Fast,0,2
141,Kabutops,1,Rock,1.3,40.5,60,115,105,65,70,80,Medium Fast,0,2
142,Aerodactyl,1,Rock,1.8,59,80,105,65,60,75,130,Slow,0,0
142,Mega Aerodactyl,1,Rock,2.1,79,80,135,85,70,95,150,Slow,0,0
143,Snorlax,1,Normal,2.1,460,160,110,65,65,110,30,Slow,0,0
144,Articuno,1,Ice,1.7,55.4,90,85,100,95,125,85,Slow,0,0
145,Zapdos,1,Electric,1.6,52.6,90,90,85,125,90,100,Slow,0,0
146,Moltres,1,Fire,2,60,90,100,90,125,85,90,Slow,0,0
147,Dratini,1,Dragon,1.8,3.3,41,64,45,50,50,50,Slow,1,0
148,Dragonair,1,Dragon,4,16.5,61,84,65,70,70,70,Slow,0,0
149,Dragonite,1,Dragon,2.2,210,91,134,95,100,100,80,Slow,0,0
150,Mewtwo,1,Psychic,2,122,106,110,90,154,90,130,Slow,0,0
150,Mega Mewtwo X,1,Psychic,2.3,127,106,190,100,154,100,130,Slow,0,0
150,Mega Mewtwo Y,1,Psychic,1.5,33,106,150,70,194,120,140,Slow,0,0
151,Mew,1,Psychic,0.4,4,100,100,100,100,100,100,Medium Slow,1,1
152,Chikorita,2,Grass,0.9,6.4,45,49,65,49,65,45,Medium Slow,0,1
153,Bayleef,2,Grass,1.2,15.8,60,62,80,63,80,60,Medium Slow,0,1
154,Meganium,2,Grass,1.8,100.5,80,82,100,83,100,80,Medium Slow,0,1
155,Cyndaquil,2,Fire,0.5,7.9,39,52,43,60,50,65,Medium Slow,0,1
156,Quilava,2,Fire,0.9,19,58,64,58,80,65,80,Medium Slow,0,1
157,Typhlosion,2,Fire,1.7,79.5,78,84,78,109,85,100,Medium Slow,0,1
158,Totodile,2,Water,0.6,9.5,50,65,64,44,48,43,Medium Slow,0,1
159,Croconaw,2,Water,1.1,25,65,80,80,59,63,58,Medium Slow,0,1
160,Feraligatr,2,Water,2.3,88.8,85,105,100,79,83,78,Medium Slow,0,1
161,Sentret,2,Normal,0.8,6,35,46,34,35,45,20,Medium Fast,0,2
162,Furret,2,Normal,1.8,32.5,85,76,64,45,55,90,Medium Fast,0,2
163,Hoothoot,2,Normal,0.7,21.2,60,30,30,36,56,50,Medium Fast,0,2
164,Noctowl,2,Normal,1.6,40.8,100,50,50,86,96,70,Medium Fast,0,2
165,Ledyba,2,Bug,1,10.8,40,20,30,40,80,55,Fast,0,3
166,Ledian,2,Bug,1.4,35.6,55,35,50,55,110,85,Fast,0,3
167,Spinarak,2,Bug,0.5,8.5,40,60,40,40,40,30,Fast,0,3
168,Ariados,2,Bug,1.1,33.5,70,90,70,60,70,40,Fast,0,3
169,Crobat,2,Poison,1.8,75,85,90,80,70,80,130,Medium Fast,0,2
170,Chinchou,2,Water,0.5,12,75,38,38,56,56,67,Slow,0,0
171,Lanturn,2,Water,1.2,22.5,125,58,58,76,76,67,Slow,0,0
172,Pichu,2,Electric,0.3,2,20,40,15,35,35,60,Medium Fast,1,2
173,Cleffa,2,Fairy,0.3,3,50,25,28,45,55,15,Fast,1,3
174,Igglybuff,2,Normal,0.3,1,90,30,15,40,20,15,Fast,1,3
175,Togepi,2,Fairy,0.3,1.5,35,20,65,40,65,20,Fast,1,3
176,Togetic,2,Fairy,0.6,3.2,55,40,85,80,105,40,Fast,1,3
177,Natu,2,Psychic,0.2,2,40,50,45,70,45,70,Medium Fast,1,2
178,Xatu,2,Psychic,1.5,15,65,75,70,95,70,95,Medium Fast,0,2
179,Mareep,2,Electric,0.6,7.8,55,40,40,65,45,35,Medium Slow,0,1
180,Flaaffy,2,Electric,0.8,13.3,70,55,55,80,60,45,Medium Slow,0,1
181,Ampharos,2,Electric,1.4,61.5,90,75,85,115,90,55,Medium Slow,0,1
181,Mega Ampharos,2,Electric,1.4,61.5,90,95,105,165,110,45,Medium Slow,0,1
182,Bellossom,2,Grass,0.4,5.8,75,80,95,90,100,50,Medium Slow,1,1
183,Marill,2,Water,0.4,8.5,70,20,50,20,50,40,Fast,0,3
184,Azumarill,2,Water,0.8,28.5,100,50,80,60,80,50,Fast,0,3
185,Sudowoodo,2,Rock,1.2,38,70,100,115,30,65,30,Medium Fast,0,2
186,Politoed,2,Water,1.1,33.9,90,75,75,90,100,70,Medium Slow,0,1
187,Hoppip,2,Grass,0.4,0.5,35,35,40,35,55,50,Medium Slow,1,1
188,Skiploom,2,Grass,0.6,1,55,45,50,45,65,80,Medium Slow,1,1
189,Jumpluff,2,Grass,0.8,3,75,55,70,55,95,110,Medium Slow,1,1
190,Aipom,2,Normal,0.8,11.5,55,70,55,40,55,85,Fast,0,3
191,Sunkern,2,Grass,0.3,1.8,30,30,30,30,30,30,Medium Slow,1,1
192,Sunflora,2,Grass,0.8,8.5,75,75,55,105,85,30,Medium Slow,0,1
193,Yanma,2,Bug,1.2,38,65,65,45,75,45,95,Medium Fast,0,2
194,Wooper,2,Water,0.4,8.5,55,45,45,25,25,15,Medium Fast,0,2
195,Quagsire,2,Water,1.4,75,95,85,85,65,65,35,Medium Fast,0,2
196,Espeon,2,Psychic,0.9,26.5,65,65,60,130,95,110,Medium Fast,0,2
197,Umbreon,2,Dark,1,27,95,65,110,60,130,65,Medium Fast,0,2
198,Murkrow,2,Dark,0.5,2.1,60,85,42,85,42,91,Medium Slow,1,1
199,Slowking,2,Water,2,79.5,95,75,80,100,110,30,Medium Fast,0,2
200,Misdreavus,2,Ghost,0.7,1,60,60,60,85,85,85,Fast,1,3
201,Unown,2,Psychic,0.5,5,48,72,48,72,48,48,Medium Fast,1,2
202,Wobbuffet,2,Psychic,1.3,28.5,190,33,58,33,58,33,Medium Fast,0,2
203,Girafarig,2,Normal,1.5,41.5,70,80,65,90,65,85,Medium Fast,0,2
204,Pineco,2,Bug,0.6,7.2,50,65,90,35,35,15,Medium Fast,0,2
205,Forretress,2,Bug,1.2,125.8,75,90,140,60,60,40,Medium Fast,0,2
206,Dunsparce,2,Normal,1.5,14,100,70,70,65,65,45,Medium Fast,0,2
207,Gligar,2,Ground,1.1,64.8,65,75,105,35,65,85,Medium Slow,0,1
208,Steelix,2,Steel,9.2,400,75,85,200,55,65,30,Medium Fast,0,2
208,Mega Steelix,2,Steel,10.5,740,75,125,230,55,95,30,Medium Fast,0,2
209,Snubbull,2,Fairy,0.6,7.8,60,80,50,40,40,30,Fast,0,3
210,Granbull,2,Fairy,1.4,48.7,90,120,75,60,60,45,Fast,0,3
211,Qwilfish,2,Water,0.5,3.9,65,95,85,55,55,85,Medium Fast,1,2
212,Scizor,2,Bug,1.8,118,70,130,100,55,80,65,Medium Fast,0,2
212,Mega Scizor,2,Bug,2,125,70,150,140,65,100,75,Medium Fast,0,2
213,Shuckle,2,Bug,0.6,20.5,20,10,230,10,230,5,Medium Slow,0,1
214,Heracross,2,Bug,1.5,54,80,125,75,40,95,85,Slow,0,0
214,Mega Heracross,2,Bug,1.7,62.5,80,185,115,40,105,75,Slow,0,0
215,Sneasel,2,Dark,0.9,28,55,95,55,35,75,115,Medium Slow,0,1
216,Teddiursa,2,Normal,0.6,8.8,60,80,50,50,50,40,Medium Fast,0,2
217,Ursaring,2,Normal,1.8,125.8,90,130,75,75,75,55,Medium Fast,0,2
218,Slugma,2,Fire,0.7,35,40,40,40,70,40,20,Medium Fast,0,2
219,Magcargo,2,Fire,0.8,55,60,50,120,90,80,30,Medium Fast,0,2
220,Swinub,2,Ice,0.4,6.5,50,50,40,30,30,50,Slow,0,0
221,Piloswine,2,Ice,1.1,55.8,100,100,80,60,60,50,Slow,0,0
222,Corsola,2,Water,0.6,5,65,55,95,65,95,35,Fast,1,3
222,Galarian Corsola,2,Ghost,0.6,0.5,60,55,100,65,100,30,Fast,1,3
223,Remoraid,2,Water,0.6,12,35,65,35,65,35,65,Medium Fast,0,2
224,Octillery,2,Water,0.9,28.5,75,105,75,105,75,45,Medium Fast,0,2
225,Delibird,2,Ice,0.9,16,45,55,45,65,45,75,Fast,0,3
226,Mantine,2,Water,2.1,220,85,40,70,80,140,70,Slow,0,0
227,Skarmory,2,Steel,1.7,50.5,65,80,140,40,70,70,Slow,0,0
228,Houndour,2,Dark,0.6,10.8,45,60,30,80,50,65,Slow,0,0
229,Houndoom,2,Dark,1.4,35,75,90,50,110,80,95,Slow,0,0
229,Mega Houndoom,2,Dark,1.9,49.5,75,90,90,140,90,115,Slow,0,0
230,Kingdra,2,Water,1.8,152,75,95,95,95,95,85,Medium Fast,0,2
231,Phanpy,2,Ground,0.5,33.5,90,60,60,40,40,40,Medium Fast,0,2
232,Donphan,2,Ground,1.1,120,90,120,120,60,60,50,Medium Fast,0,2
233,Porygon2,2,Normal,0.6,32.5,85,80,90,105,95,60,Medium Fast,0,2
234,Stantler,2,Normal,1.4,71.2,73,95,62,85,65,85,Slow,0,0
235,Smeargle,2,Normal,1.2,58,55,20,35,20,45,75,Fast,0,3
236,Tyrogue,2,Fighting,0.7,21,35,35,35,35,35,35,Medium Fast,0,2
237,Hitmontop,2,Fighting,1.4,48,50,95,95,35,110,70,Medium Fast,0,2
238,Smoochum,2,Ice,0.4,6,45,30,15,85,65,65,Medium Fast,0,2
239,Elekid,2,Electric,0.6,23.5,45,63,37,65,55,95,Medium Fast,0,2
240,Magby,2,Fire,0.7,21.4,45,75,37,70,55,83,Medium Fast,0,2
241,Miltank,2,Normal,1.2,75.5,95,80,105,40,70,100,Slow,0,0
242,Blissey,2,Normal,1.5,46.8,255,10,10,75,135,55,Fast,0,3
243,Raikou,2,Electric,1.9,178,90,85,75,115,100,115,Slow,0,0
244,Entei,2,Fire,2.1,198,115,115,85,90,75,100,Slow,0,0
245,Suicune,2,Water,2,187,100,75,115,90,115,85,Slow,0,0
246,Larvitar,2,Rock,0.6,72,50,64,50,45,50,41,Slow,0,0
247,Pupitar,2,Rock,1.2,152,70,84,70,65,70,51,Slow,0,0
248,Tyranitar,2,Rock,2,202,100,134,110,95,100,61,Slow,0,0
248,Mega Tyranitar,2,Rock,2.5,255,100,164,150,95,120,71,Slow,0,0
249,Lugia,2,Psychic,5.2,216,106,90,130,90,154,110,Slow,0,0
250,Ho-oh,2,Fire,3.8,199,106,130,90,110,154,90,Slow,0,0
251,Celebi,2,Psychic,0.6,5,100,100,100,100,100,100,Medium Slow,1,1
252,Treecko,3,Grass,0.5,5,40,45,35,65,55,70,Medium Slow,1,1
253,Grovyle,3,Grass,0.9,21.6,50,65,45,85,65,95,Medium Slow,0,1
254,Sceptile,3,Grass,1.7,52.2,70,85,65,105,85,120,Medium Slow,0,1
254,Mega Sceptile,3,Grass,1.9,55.2,70,110,75,145,85,145,Medium Slow,0,1
255,Torchic,3,Fire,0.4,2.5,45,60,40,70,50,45,Medium Slow,1,1
256,Combusken,3,Fire,0.9,19.5,60,85,60,85,60,55,Medium Slow,0,1
257,Blaziken,3,Fire,1.9,52,80,120,70,110,70,80,Medium Slow,0,1
257,Mega Blaziken,3,Fire,1.9,52,80,160,80,130,80,100,Medium Slow,0,1
258,Mudkip,3,Water,0.4,7.6,50,70,50,50,50,40,Medium Slow,0,1
259,Marshtomp,3,Water,0.7,28,70,85,70,60,70,50,Medium Slow,0,1
260,Swampert,3,Water,1.5,81.9,100,110,90,85,90,60,Medium Slow,0,1
260,Mega Swampert,3,Water,1.9,102,100,150,110,95,110,70,Medium Slow,0,1
261,Poochyena,3,Dark,0.5,13.6,35,55,35,30,30,35,Medium Fast,0,2
262,Mightyena,3,Dark,1,37,70,90,70,60,60,70,Medium Fast,0,2
263,Zigzagoon,3,Normal,0.4,17.5,38,30,41,30,41,60,Medium Fast,0,2
263,Galarian Zigzagoon,3,Dark,0.4,17.5,38,30,41,30,41,60,Medium Fast,0,2
264,Linoone,3,Normal,0.5,32.5,78,70,61,50,61,100,Medium Fast,0,2
264,Galarian Linoone,3,Dark,0.5,32.5,78,70,61,50,61,100,Medium Fast,0,2
265,Wurmple,3,Bug,0.3,3.6,45,45,35,20,30,20,Medium Fast,1,2
266,Silcoon,3,Bug,0.6,10,50,35,55,25,25,15,Medium Fast,0,2
267,Beautifly,3,Bug,1,28.4,60,70,50,100,50,65,Medium Fast,0,2
268,Cascoon,3,Bug,0.7,11.5,50,35,55,25,25,15,Medium Fast,0,2
269,Dustox,3,Bug,1.2,31.6,60,50,70,50,90,65,Medium Fast,0,2
270,Lotad,3,Water,0.5,2.6,40,30,30,40,50,30,Medium Slow,1,1
271,Lombre,3,Water,1.2,32.5,60,50,50,60,70,50,Medium Slow,0,1
272,Ludicolo,3,Water,1.5,55,80,70,70,90,100,70,Medium Slow,0,1
273,Seedot,3,Grass,0.5,4,40,40,50,30,30,30,Medium Slow,1,1
274,Nuzleaf,3,Grass,1,28,70,70,40,60,40,60,Medium Slow,0,1
275,Shiftry,3,Grass,1.3,59.6,90,100,60,90,60,80,Medium Slow,0,1
276,Taillow,3,Normal,0.3,2.3,40,55,30,30,30,85,Medium Slow,1,1
277,Swellow,3,Normal,0.7,19.8,60,85,60,75,50,125,Medium Slow,0,1
278,Wingull,3,Water,0.6,9.5,40,30,30,55,30,85,Medium Fast,0,2
279,Pelipper,3,Water,1.2,28,60,50,100,95,70,65,Medium Fast,0,2
280,Ralts,3,Psychic,0.4,6.6,28,25,25,45,35,40,Slow,0,0
281,Kirlia,3,Psychic,0.8,20.2,38,35,35,65,55,50,Slow,0,0
282,Gardevoir,3,Psychic,1.6,48.4,68,65,65,125,115,80,Slow,0,0
282,Mega Gardevoir,3,Psychic,1.6,48.4,68,85,65,165,135,100,Slow,0,0
283,Surskit,3,Bug,0.5,1.7,40,30,32,50,52,65,Medium Fast,1,2
284,Masquerain,3,Bug,0.8,3.6,70,60,62,100,82,80,Medium Fast,1,2
285,Shroomish,3,Grass,0.4,4.5,60,40,60,40,60,35,Fluctuating,1,4
286,Breloom,3,Grass,1.2,39.2,60,130,80,60,60,70,Fluctuating,0,4
287,Slakoth,3,Normal,0.8,24,60,60,60,35,35,30,Slow,0,0
288,Vigoroth,3,Normal,1.4,46.5,80,80,80,55,55,90,Slow,0,0
289,Slaking,3,Normal,2,130.5,150,160,100,95,65,100,Slow,0,0
290,Nincada,3,Bug,0.5,5.5,31,45,90,30,30,40,Erratic,1,4
291,Ninjask,3,Bug,0.8,12,61,90,45,50,50,160,Erratic,0,4
292,Shedinja,3,Bug,0.8,1.2,1,90,45,30,30,40,Erratic,1,4
293,Whismur,3,Normal,0.6,16.3,64,51,23,51,23,28,Medium Slow,0,1
294,Loudred,3,Normal,1,40.5,84,71,43,71,43,48,Medium Slow,0,1
295,Exploud,3,Normal,1.5,84,104,91,63,91,73,68,Medium Slow,0,1
296,Makuhita,3,Fighting,1,86.4,72,60,30,20,30,25,Fluctuating,0,4
297,Hariyama,3,Fighting,2.3,253.8,144,120,60,40,60,50,Fluctuating,0,4
298,Azurill,3,Normal,0.2,2,50,20,40,20,40,20,Fast,1,3
299,Nosepass,3,Rock,1,97,30,45,135,45,90,30,Medium Fast,0,2
300,Skitty,3,Normal,0.6,11,50,45,45,35,35,50,Fast,0,3
301,Delcatty,3,Normal,1.1,32.6,70,65,65,55,55,90,Fast,0,3
302,Sableye,3,Dark,0.5,11,50,75,75,65,65,50,Medium Slow,0,1
302,Mega Sableye,3,Dark,0.5,161,50,85,125,85,115,20,Medium Slow,0,1
303,Mawile,3,Steel,0.6,11.5,50,85,85,55,55,50,Fast,0,3
303,Mega Mawile,3,Steel,1,23.5,50,105,125,55,95,50,Fast,0,3
304,Aron,3,Steel,0.4,60,50,70,100,40,40,30,Slow,0,0
305,Lairon,3,Steel,0.9,120,60,90,140,50,50,40,Slow,0,0
306,Aggron,3,Steel,2.1,360,70,110,180,60,60,50,Slow,0,0
306,Mega Aggron,3,Steel,2.2,395,70,140,230,60,80,50,Slow,0,0
307,Meditite,3,Fighting,0.6,11.2,30,40,55,40,55,60,Medium Fast,0,2
308,Medicham,3,Fighting,1.3,31.5,60,60,75,60,75,80,Medium Fast,0,2
308,Mega Medicham,3,Fighting,1.3,31.5,60,100,85,80,85,100,Medium Fast,0,2
309,Electrike,3,Electric,0.6,15.2,40,45,40,65,40,65,Slow,0,0
310,Manectric,3,Electric,1.5,40.2,70,75,60,105,60,105,Slow,0,0
310,Mega Manectric,3,Electric,1.8,44,70,75,80,135,80,135,Slow,0,0
311,Plusle,3,Electric,0.4,4.2,60,50,40,85,75,95,Medium Fast,1,2
312,Minun,3,Electric,0.4,4.2,60,40,50,75,85,95,Medium Fast,1,2
313,Volbeat,3,Bug,0.7,17.7,65,73,75,47,85,85,Erratic,0,4
314,Illumise,3,Bug,0.6,17.7,65,47,75,73,85,85,Fluctuating,0,4
315,Roselia,3,Grass,0.3,2,50,60,45,100,80,65,Medium Slow,1,1
316,Gulpin,3,Poison,0.4,10.3,70,43,53,43,53,40,Fluctuating,0,4
317,Swalot,3,Poison,1.7,80,100,73,83,73,83,55,Fluctuating,0,4
318,Carvanha,3,Water,0.8,20.8,45,90,20,65,20,65,Slow,0,0
319,Sharpedo,3,Water,1.8,88.8,70,120,40,95,40,95,Slow,0,0
319,Mega Sharpedo,3,Water,2.5,130.3,70,140,70,110,65,105,Slow,0,0
320,Wailmer,3,Water,2,130,130,70,35,70,35,60,Fluctuating,0,4
321,Wailord,3,Water,14.5,398,170,90,45,90,45,60,Fluctuating,0,4
322,Numel,3,Fire,0.7,24,60,60,40,65,45,35,Medium Fast,0,2
323,Camerupt,3,Fire,1.9,220,70,100,70,105,75,40,Medium Fast,0,2
323,Mega Camerupt,3,Fire,2.5,320.5,70,120,100,145,105,20,Medium Fast,0,2
324,Torkoal,3,Fire,0.5,80.4,70,85,140,85,70,20,Medium Fast,0,2
325,Spoink,3,Psychic,0.7,30.6,60,25,35,70,80,60,Fast,0,3
326,Grumpig,3,Psychic,0.9,71.5,80,45,65,90,110,80,Fast,0,3
327,Spinda,3,Normal,1.1,5,60,60,60,60,60,60,Fast,1,3
328,Trapinch,3,Ground,0.7,15,45,100,45,45,45,10,Medium Slow,0,1
329,Vibrava,3,Ground,1.1,15.3,50,70,50,50,50,70,Medium Slow,0,1
330,Flygon,3,Ground,2,82,80,100,80,80,80,100,Medium Slow,0,1
331,Cacnea,3,Grass,0.4,51.3,50,85,40,85,40,35,Medium Slow,0,1
332,Cacturne,3,Grass,1.3,77.4,70,115,60,115,60,55,Medium Slow,0,1
333,Swablu,3,Normal,0.4,1.2,45,40,60,40,75,50,Erratic,1,4
334,Altaria,3,Dragon,1.1,20.6,75,70,90,70,105,80,Erratic,0,4
334,Mega Altaria,3,Dragon,1.5,20.6,75,110,110,110,105,80,Erratic,0,4
335,Zangoose,3,Normal,1.3,40.3,73,115,60,60,60,90,Erratic,0,4
336,Seviper,3,Poison,2.7,52.5,73,100,60,100,60,65,Fluctuating,0,4
337,Lunatone,3,Rock,1,168,90,55,65,95,85,70,Fast,0,3
338,Solrock,3,Rock,1.2,154,90,95,85,55,65,70,Fast,0,3
339,Barboach,3,Water,0.4,1.9,50,48,43,46,41,60,Medium Fast,1,2
340,Whiscash,3,Water,0.9,23.6,110,78,73,76,71,60,Medium Fast,0,2
341,Corphish,3,Water,0.6,11.5,43,80,65,50,35,35,Fluctuating,0,4
342,Crawdaunt,3,Water,1.1,32.8,63,120,85,90,55,55,Fluctuating,0,4
343,Baltoy,3,Ground,0.5,21.5,40,40,55,40,70,55,Medium Fast,0,2
344,Claydol,3,Ground,1.5,108,60,70,105,70,120,75,Medium Fast,0,2
345,Lileep,3,Rock,1,23.8,66,41,77,61,87,23,Erratic,0,4
346,Cradily,3,Rock,1.5,60.4,86,81,97,81,107,43,Erratic,0,4
347,Anorith,3,Rock,0.7,12.5,45,95,50,40,50,75,Erratic,0,4
348,Armaldo,3,Rock,1.5,68.2,75,125,100,70,80,45,Erratic,0,4
349,Feebas,3,Water,0.6,7.4,20,15,20,10,55,80,Erratic,0,4
350,Milotic,3,Water,6.2,162,95,60,79,100,125,81,Erratic,0,4
351,Castform,3,Normal,0.3,0.8,70,70,70,70,70,70,Medium Fast,1,2
351,Castform Sunny Form,3,Fire,0.3,0.8,70,70,70,70,70,70,Medium Fast,1,2
351,Castform Rainy Form,3,Water,0.3,0.8,70,70,70,70,70,70,Medium Fast,1,2
351,Castform Snowy Form,3,Ice,0.3,0.8,70,70,70,70,70,70,Medium Fast,1,2
352,Kecleon,3,Normal,1,22,60,90,70,60,120,40,Medium Slow,0,1
353,Shuppet,3,Ghost,0.6,2.3,44,75,35,63,33,45,Fast,1,3
354,Banette,3,Ghost,1.1,12.5,64,115,65,83,63,65,Fast,0,3
354,Mega Banette,3,Ghost,1.2,13,64,165,75,93,83,75,Fast,0,3
355,Duskull,3,Ghost,0.8,15,20,40,90,30,90,25,Fast,0,3
356,Dusclops,3,Ghost,1.6,30.6,40,70,130,60,130,25,Fast,0,3
357,Tropius,3,Grass,2,100,99,68,83,72,87,51,Slow,0,0
358,Chimecho,3,Psychic,0.6,1,75,50,80,95,90,65,Fast,1,3
359,Absol,3,Dark,1.2,47,65,130,60,75,60,75,Medium Slow,0,1
359,Mega Absol,3,Dark,1.2,49,65,150,60,115,60,115,Medium Slow,0,1
360,Wynaut,3,Psychic,0.6,14,95,23,48,23,48,23,Medium Fast,0,2
361,Snorunt,3,Ice,0.7,16.8,50,50,50,50,50,50,Medium Fast,0,2
362,Glalie,3,Ice,1.5,256.5,80,80,80,80,80,80,Medium Fast,0,2
362,Mega Glalie,3,Ice,2.1,350.2,80,120,80,120,80,100,Medium Fast,0,2
363,Spheal,3,Ice,0.8,39.5,70,40,50,55,50,25,Medium Slow,0,1
364,Sealeo,3,Ice,1.1,87.6,90,60,70,75,70,45,Medium Slow,0,1
365,Walrein,3,Ice,1.4,150.6,110,80,90,95,90,65,Medium Slow,0,1
366,Clamperl,3,Water,0.4,52.5,35,64,85,74,55,32,Erratic,0,4
367,Huntail,3,Water,1.7,27,55,104,105,94,75,52,Erratic,0,4
368,Gorebyss,3,Water,1.8,22.6,55,84,105,114,75,52,Erratic,0,4
369,Relicanth,3,Water,1,23.4,100,90,130,45,65,55,Slow,0,0
370,Luvdisc,3,Water,0.6,8.7,43,30,55,40,65,97,Fast,0,3
371,Bagon,3,Dragon,0.6,42.1,45,75,60,40,30,50,Slow,0,0
372,Shelgon,3,Dragon,1.1,110.5,65,95,100,60,50,50,Slow,0,0
373,Salamence,3,Dragon,1.5,102.6,95,135,80,110,80,100,Slow,0,0
373,Mega Salamence,3,Dragon,1.8,112.6,95,145,130,120,90,120,Slow,0,0
374,Beldum,3,Steel,0.6,95.2,40,55,80,35,60,30,Slow,0,0
375,Metang,3,Steel,1.2,202.5,60,75,100,55,80,50,Slow,0,0
376,Metagross,3,Steel,1.6,550,80,135,130,95,90,70,Slow,0,0
376,Mega Metagross,3,Steel,2.5,942.9,80,145,150,105,110,110,Slow,0,0
377,Regirock,3,Rock,1.7,230,80,100,200,50,100,50,Slow,0,0
378,Regice,3,Ice,1.8,175,80,50,100,100,200,50,Slow,0,0
379,Registeel,3,Steel,1.9,205,80,75,150,75,150,50,Slow,0,0
380,Latias,3,Dragon,1.4,40,80,80,90,110,130,110,Slow,0,0
380,Mega Latias,3,Dragon,1.8,52,80,100,120,140,150,110,Slow,0,0
381,Latios,3,Dragon,2,60,80,90,80,130,110,110,Slow,0,0
381,Mega Latios,3,Dragon,2.3,70,80,130,100,160,120,110,Slow,0,0
382,Kyogre,3,Water,4.5,352,100,100,90,150,140,90,Slow,0,0
382,Primal Kyogre,3,Water,9.8,430,100,150,90,180,160,90,Slow,0,0
383,Groudon,3,Ground,3.5,950,100,150,140,100,90,90,Slow,0,0
383,Primal Groudon,3,Ground,5,999.7,100,180,160,150,90,90,Slow,0,0
384,Rayquaza,3,Dragon,7,206.5,105,150,90,150,90,95,Slow,0,0
384,Mega Rayquaza,3,Dragon,10.8,392,105,180,100,180,100,115,Slow,0,0
385,Jirachi,3,Steel,0.3,1.1,100,100,100,100,100,100,Slow,1,0
386,Deoxys Normal Forme,3,Psychic,1.7,60.8,50,150,50,150,50,150,Slow,0,0
386,Deoxys Attack Forme,3,Psychic,1.7,60.8,50,180,20,180,20,150,Slow,0,0
386,Deoxys Defense Forme,3,Psychic,1.7,60.8,50,70,160,70,160,90,Slow,0,0
386,Deoxys Speed Forme,3,Psychic,1.7,60.8,50,95,90,95,90,180,Slow,0,0
387,Turtwig,4,Grass,0.4,10.2,55,68,64,45,55,31,Medium Slow,0,1
388,Grotle,4,Grass,1.1,97,75,89,85,55,65,36,Medium Slow,0,1
389,Torterra,4,Grass,2.2,310,95,109,105,75,85,56,Medium Slow,0,1
390,Chimchar,4,Fire,0.5,6.2,44,58,44,58,44,61,Medium Slow,0,1
391,Monferno,4,Fire,0.9,22,64,78,52,78,52,81,Medium Slow,0,1
392,Infernape,4,Fire,1.2,55,76,104,71,104,71,108,Medium Slow,0,1
393,Piplup,4,Water,0.4,5.2,53,51,53,61,56,40,Medium Slow,1,1
394,Prinplup,4,Water,0.8,23,64,66,68,81,76,50,Medium Slow,0,1
395,Empoleon,4,Water,1.7,84.5,84,86,88,111,101,60,Medium Slow,0,1
396,Starly,4,Normal,0.3,2,40,55,30,30,30,60,Medium Slow,1,1
397,Staravia,4,Normal,0.6,15.5,55,75,50,40,40,80,Medium Slow,0,1
398,Staraptor,4,Normal,1.2,24.9,85,120,70,50,60,100,Medium Slow,0,1
399,Bidoof,4,Normal,0.5,20,59,45,40,35,40,31,Medium Fast,0,2
400,Bibarel,4,Normal,1,31.5,79,85,60,55,60,71,Medium Fast,0,2
401,Kricketot,4,Bug,0.3,2.2,37,25,41,25,41,25,Medium Slow,1,1
402,Kricketune,4,Bug,1,25.5,77,85,51,55,51,65,Medium Slow,0,1
403,Shinx,4,Electric,0.5,9.5,45,65,34,40,34,45,Medium Slow,0,1
404,Luxio,4,Electric,0.9,30.5,60,85,49,60,49,60,Medium Slow,0,1
405,Luxray,4,Electric,1.4,42,80,120,79,95,79,70,Medium Slow,0,1
406,Budew,4,Grass,0.2,1.2,40,30,35,50,70,55,Medium Slow,1,1
407,Roserade,4,Grass,0.9,14.5,60,70,65,125,105,90,Medium Slow,0,1
408,Cranidos,4,Rock,0.9,31.5,67,125,40,30,30,58,Erratic,0,4
409,Rampardos,4,Rock,1.6,102.5,97,165,60,65,50,58,Erratic,0,4
410,Shieldon,4,Rock,0.5,57,30,42,118,42,88,30,Erratic,0,4
411,Bastiodon,4,Rock,1.3,149.5,60,52,168,47,138,30,Erratic,0,4
412,Burmy,4,Bug,0.2,3.4,40,29,45,29,45,36,Medium Fast,1,2
413,Wormadam Plant Cloak,4,Bug,0.5,6.5,60,59,85,79,105,36,Medium Fast,0,2
413,Wormadam Sandy Cloak,4,Bug,0.5,6.5,60,79,105,59,85,36,Medium Fast,0,2
413,Wormadam Trash Cloak,4,Bug,0.5,6.5,60,69,95,69,95,36,Medium Fast,0,2
414,Mothim,4,Bug,0.9,23.3,70,94,50,94,50,66,Medium Fast,0,2
415,Combee,4,Bug,0.3,5.5,30,30,42,30,42,70,Medium Slow,1,1
416,Vespiquen,4,Bug,1.2,38.5,70,80,102,80,102,40,Medium Slow,0,1
417,Pachirisu,4,Electric,0.4,3.9,60,45,70,45,90,95,Medium Fast,1,2
418,Buizel,4,Water,0.7,29.5,55,65,35,60,30,85,Medium Fast,0,2
419,Floatzel,4,Water,1.1,33.5,85,105,55,85,50,115,Medium Fast,0,2
420,Cherubi,4,Grass,0.4,3.3,45,35,45,62,53,35,Medium Fast,1,2
421,Cherrim,4,Grass,0.5,9.3,70,60,70,87,78,85,Medium Fast,0,2
422,Shellos,4,Water,0.3,6.3,76,48,48,57,62,34,Medium Fast,0,2
423,Gastrodon,4,Water,0.9,29.9,111,83,68,92,82,39,Medium Fast,0,2
424,Ambipom,4,Normal,1.2,20.3,75,100,66,60,66,115,Fast,0,3
425,Drifloon,4,Ghost,0.4,1.2,90,50,34,60,44,70,Fluctuating,1,4
426,Drifblim,4,Ghost,1.2,15,150,80,44,90,54,80,Fluctuating,0,4
427,Buneary,4,Normal,0.4,5.5,55,66,44,44,56,85,Medium Fast,1,2
428,Lopunny,4,Normal,1.2,33.3,65,76,84,54,96,105,Medium Fast,0,2
428,Mega Lopunny,4,Normal,1.3,28.3,65,136,94,54,96,135,Medium Fast,0,2
429,Mismagius,4,Ghost,0.9,4.4,60,60,60,105,105,105,Fast,1,3
430,Honchkrow,4,Dark,0.9,27.3,100,125,52,105,52,71,Medium Slow,0,1
431,Glameow,4,Normal,0.5,3.9,49,55,42,42,37,85,Fast,1,3
432,Purugly,4,Normal,1,43.8,71,82,64,64,59,112,Fast,0,3
433,Chingling,4,Psychic,0.2,0.6,45,30,50,65,50,45,Fast,1,3
434,Stunky,4,Poison,0.4,19.2,63,63,47,41,41,74,Medium Fast,0,2
435,Skuntank,4,Poison,1,38,103,93,67,71,61,84,Medium Fast,0,2
436,Bronzor,4,Steel,0.5,60.5,57,24,86,24,86,23,Medium Fast,0,2
437,Bronzong,4,Steel,1.3,187,67,89,116,79,116,33,Medium Fast,0,2
438,Bonsly,4,Rock,0.5,15,50,80,95,10,45,10,Medium Fast,0,2
439,Mime Jr.,4,Psychic,0.6,13,20,25,45,70,90,60,Medium Fast,0,2
440,Happiny,4,Normal,0.6,24.4,100,5,5,15,65,30,Fast,0,3
441,Chatot,4,Normal,0.5,1.9,76,65,45,92,42,91,Medium Slow,1,1
442,Spiritomb,4,Ghost,1,108,50,92,108,92,108,35,Medium Fast,0,2
443,Gible,4,Dragon,0.7,20.5,58,70,45,40,45,42,Slow,0,0
444,Gabite,4,Dragon,1.4,56,68,90,65,50,55,82,Slow,0,0
445,Garchomp,4,Dragon,1.9,95,108,130,95,80,85,102,Slow,0,0
445,Mega Garchomp,4,Dragon,1.9,95,108,170,115,120,95,92,Slow,0,0
446,Munchlax,4,Normal,0.6,105,135,85,40,40,85,5,Slow,0,0
447,Riolu,4,Fighting,0.7,20.2,40,70,40,35,40,60,Medium Slow,0,1
448,Lucario,4,Fighting,1.2,54,70,110,70,115,70,90,Medium Slow,0,1
448,Mega Lucario,4,Fighting,1.3,57.5,70,145,88,140,70,112,Medium Slow,0,1
449,Hippopotas,4,Ground,0.8,49.5,68,72,78,38,42,32,Slow,0,0
450,Hippowdon,4,Ground,2,300,108,112,118,68,72,47,Slow,0,0
451,Skorupi,4,Poison,0.8,12,40,50,90,30,55,65,Slow,0,0
452,Drapion,4,Poison,1.3,61.5,70,90,110,60,75,95,Slow,0,0
453,Croagunk,4,Poison,0.7,23,48,61,40,61,40,50,Medium Fast,0,2
454,Toxicroak,4,Poison,1.3,44.4,83,106,65,86,65,85,Medium Fast,0,2
455,Carnivine,4,Grass,1.4,27,74,100,72,90,72,46,Slow,0,0
456,Finneon,4,Water,0.4,7,49,49,56,49,61,66,Erratic,0,4
457,Lumineon,4,Water,1.2,24,69,69,76,69,86,91,Erratic,0,4
458,Mantyke,4,Water,1,65,45,20,50,60,120,50,Slow,0,0
459,Snover,4,Grass,1,50.5,60,62,50,62,60,40,Slow,0,0
460,Abomasnow,4,Grass,2.2,135.5,90,92,75,92,85,60,Slow,0,0
460,Mega Abomasnow,4,Grass,2.7,185,90,132,105,132,105,30,Slow,0,0
461,Weavile,4,Dark,1.1,34,70,120,65,45,85,125,Medium Slow,0,1
462,Magnezone,4,Electric,1.2,180,70,70,115,130,90,60,Medium Fast,0,2
463,Lickilicky,4,Normal,1.7,140,110,85,95,80,95,50,Medium Fast,0,2
464,Rhyperior,4,Ground,2.4,282.8,115,140,130,55,55,40,Slow,0,0
465,Tangrowth,4,Grass,2,128.6,100,100,125,110,50,50,Medium Fast,0,2
466,Electivire,4,Electric,1.8,138.6,75,123,67,95,85,95,Medium Fast,0,2
467,Magmortar,4,Fire,1.6,68,75,95,67,125,95,83,Medium Fast,0,2
468,Togekiss,4,Fairy,1.5,38,85,50,95,120,115,80,Fast,0,3
469,Yanmega,4,Bug,1.9,51.5,86,76,86,116,56,95,Medium Fast,0,2
470,Leafeon,4,Grass,1,25.5,65,110,130,60,65,95,Medium Fast,0,2
471,Glaceon,4,Ice,0.8,25.9,65,60,110,130,95,65,Medium Fast,0,2
472,Gliscor,4,Ground,2,42.5,75,95,125,45,75,95,Medium Slow,0,1
473,Mamoswine,4,Ice,2.5,291,110,130,80,70,60,80,Slow,0,0
474,Porygon-Z,4,Normal,0.9,34,85,80,70,135,75,90,Medium Fast,0,2
475,Gallade,4,Psychic,1.6,52,68,125,65,65,115,80,Slow,0,0
475,Mega Gallade,4,Psychic,1.6,56.4,68,165,95,65,115,110,Slow,0,0
476,Probopass,4,Rock,1.4,340,60,55,145,75,150,40,Medium Fast,0,2
477,Dusknoir,4,Ghost,2.2,106.6,45,100,135,65,135,45,Fast,0,3
478,Froslass,4,Ice,1.3,26.6,70,80,70,80,70,110,Medium Fast,0,2
479,Rotom,4,Electric,0.3,0.3,50,50,77,95,77,91,Medium Fast,1,2
479,Heat Rotom,4,Electric,0.3,0.3,50,65,107,105,107,86,Medium Fast,1,2
479,Wash Rotom,4,Electric,0.3,0.3,50,65,107,105,107,86,Medium Fast,1,2
479,Frost Rotom,4,Electric,0.3,0.3,50,65,107,105,107,86,Medium Fast,1,2
479,Fan Rotom,4,Electric,0.3,0.3,50,65,107,105,107,86,Medium Fast,1,2
479,Mow Rotom,4,Electric,0.3,0.3,50,65,107,105,107,86,Medium Fast,1,2
480,Uxie,4,Psychic,0.3,0.3,75,75,130,75,130,95,Slow,1,0
481,Mesprit,4,Psychic,0.3,0.3,80,105,105,105,105,80,Slow,1,0
482,Azelf,4,Psychic,0.3,0.3,75,125,70,125,70,115,Slow,1,0
483,Dialga,4,Steel,5.4,683,100,120,120,150,100,90,Slow,0,0
484,Palkia,4,Water,4.2,336,90,120,100,150,120,100,Slow,0,0
485,Heatran,4,Fire,1.7,430,91,90,106,130,106,77,Slow,0,0
486,Regigigas,4,Normal,3.7,420,110,160,110,80,110,100,Slow,0,0
487,Giratina Altered Forme,4,Ghost,4.5,750,150,100,120,100,120,90,Slow,0,0
487,Giratina Origin Forme,4,Ghost,6.9,650,150,120,100,120,100,90,Slow,0,0
488,Cresselia,4,Psychic,1.5,85.6,120,70,120,75,130,85,Slow,0,0
489,Phione,4,Water,0.4,3.1,80,80,80,80,80,80,Slow,1,0
490,Manaphy,4,Water,0.3,1.4,100,100,100,100,100,100,Slow,1,0
491,Darkrai,4,Dark,1.5,50.5,70,90,90,135,90,125,Slow,0,0
492,Shaymin Land Forme,4,Grass,0.2,2.1,100,100,100,100,100,100,Medium Slow,1,1
492,Shaymin Sky Forme,4,Grass,0.4,5.2,100,103,75,120,75,127,Medium Slow,1,1
493,Arceus,4,Normal,3.2,320,120,120,120,120,120,120,Slow,0,0
494,Victini,5,Psychic,0.4,4,100,100,100,100,100,100,Slow,1,0
495,Snivy,5,Grass,0.6,8.1,45,45,55,45,55,63,Medium Slow,0,1
496,Servine,5,Grass,0.8,16,60,60,75,60,75,83,Medium Slow,0,1
497,Serperior,5,Grass,3.3,63,75,75,95,75,95,113,Medium Slow,0,1
498,Tepig,5,Fire,0.5,9.9,65,63,45,45,45,45,Medium Slow,0,1
499,Pignite,5,Fire,1,55.5,90,93,55,70,55,55,Medium Slow,0,1
500,Emboar,5,Fire,1.6,150,110,123,65,100,65,65,Medium Slow,0,1
501,Oshawott,5,Water,0.5,5.9,55,55,45,63,45,45,Medium Slow,1,1
502,Dewott,5,Water,0.8,24.5,75,75,60,83,60,60,Medium Slow,0,1
503,Samurott,5,Water,1.5,94.6,95,100,85,108,70,70,Medium Slow,0,1
504,Patrat,5,Normal,0.5,11.6,45,55,39,35,39,42,Medium Fast,0,2
505,Watchog,5,Normal,1.1,27,60,85,69,60,69,77,Medium Fast,0,2
506,Lillipup,5,Normal,0.4,4.1,45,60,45,25,45,55,Medium Slow,1,1
507,Herdier,5,Normal,0.9,14.7,65,80,65,35,65,60,Medium Slow,0,1
508,Stoutland,5,Normal,1.2,61,85,110,90,45,90,80,Medium Slow,0,1
509,Purrloin,5,Dark,0.4,10.1,41,50,37,50,37,66,Medium Fast,0,2
510,Liepard,5,Dark,1.1,37.5,64,88,50,88,50,106,Medium Fast,0,2
511,Pansage,5,Grass,0.6,10.5,50,53,48,53,48,64,Medium Fast,0,2
512,Simisage,5,Grass,1.1,30.5,75,98,63,98,63,101,Medium Fast,0,2
513,Pansear,5,Fire,0.6,11,50,53,48,53,48,64,Medium Fast,0,2
514,Simisear,5,Fire,1,28,75,98,63,98,63,101,Medium Fast,0,2
515,Panpour,5,Water,0.6,13.5,50,53,48,53,48,64,Medium Fast,0,2
516,Simipour,5,Water,1,29,75,98,63,98,63,101,Medium Fast,0,2
517,Munna,5,Psychic,0.6,23.3,76,25,45,67,55,24,Fast,0,3
518,Musharna,5,Psychic,1.1,60.5,116,55,85,107,95,29,Fast,0,3
519,Pidove,5,Normal,0.3,2.1,50,55,50,36,30,43,Medium Slow,1,1
520,Tranquill,5,Normal,0.6,15,62,77,62,50,42,65,Medium Slow,0,1
521,Unfezant,5,Normal,1.2,29,80,115,80,65,55,93,Medium Slow,0,1
522,Blitzle,5,Electric,0.8,29.8,45,60,32,50,32,76,Medium Fast,0,2
523,Zebstrika,5,Electric,1.6,79.5,75,100,63,80,63,116,Medium Fast,0,2
524,Roggenrola,5,Rock,0.4,18,55,75,85,25,25,15,Medium Slow,0,1
525,Boldore,5,Rock,0.9,102,70,105,105,50,40,20,Medium Slow,0,1
526,Gigalith,5,Rock,1.7,260,85,135,130,60,80,25,Medium Slow,0,1
527,Woobat,5,Psychic,0.4,2.1,65,45,43,55,43,72,Medium Fast,1,2
528,Swoobat,5,Psychic,0.9,10.5,67,57,55,77,55,114,Medium Fast,0,2
529,Drilbur,5,Ground,0.3,8.5,60,85,40,30,45,68,Medium Fast,0,2
530,Excadrill,5,Ground,0.7,40.4,110,135,60,50,65,88,Medium Fast,0,2
531,Audino,5,Normal,1.1,31,103,60,86,60,86,50,Fast,0,3
531,Mega Audino,5,Normal,1.5,32,103,60,126,80,126,50,Fast,0,3
532,Timburr,5,Fighting,0.6,12.5,75,80,55,25,35,35,Medium Slow,0,1
533,Gurdurr,5,Fighting,1.2,40,85,105,85,40,50,40,Medium Slow,0,1
534,Conkeldurr,5,Fighting,1.4,87,105,140,95,55,65,45,Medium Slow,0,1
535,Tympole,5,Water,0.5,4.5,50,50,40,50,40,64,Medium Slow,1,1
536,Palpitoad,5,Water,0.8,17,75,65,55,65,55,69,Medium Slow,0,1
537,Seismitoad,5,Water,1.5,62,105,95,75,85,75,74,Medium Slow,0,1
538,Throh,5,Fighting,1.3,55.5,120,100,85,30,85,45,Medium Fast,0,2
539,Sawk,5,Fighting,1.4,51,75,125,75,30,75,85,Medium Fast,0,2
540,Sewaddle,5,Bug,0.3,2.5,45,53,70,40,60,42,Medium Slow,1,1
541,Swadloon,5,Bug,0.5,7.3,55,63,90,50,80,42,Medium Slow,0,1
542,Leavanny,5,Bug,1.2,20.5,75,103,80,70,80,92,Medium Slow,0,1
543,Venipede,5,Bug,0.4,5.3,30,45,59,30,39,57,Medium Slow,1,1
544,Whirlipede,5,Bug,1.2,58.5,40,55,99,40,79,47,Medium Slow,0,1
545,Scolipede,5,Bug,2.5,200.5,60,100,89,55,69,112,Medium Slow,0,1
546,Cottonee,5,Grass,0.3,0.6,40,27,60,37,50,66,Medium Fast,1,2
547,Whimsicott,5,Grass,0.7,6.6,60,67,85,77,75,116,Medium Fast,0,2
548,Petilil,5,Grass,0.5,6.6,45,35,50,70,50,30,Medium Fast,0,2
549,Lilligant,5,Grass,1.1,16.3,70,60,75,110,75,90,Medium Fast,0,2
550,Basculin Red-Striped Form,5,Water,1,18,70,92,65,80,55,98,Medium Fast,0,2
550,Basculin Blue-Striped Form,5,Water,1,18,70,92,65,80,55,98,Medium Fast,0,2
551,Sandile,5,Ground,0.7,15.2,50,72,35,35,35,65,Medium Slow,0,1
552,Krokorok,5,Ground,1,33.4,60,82,45,45,45,74,Medium Slow,0,1
553,Krookodile,5,Ground,1.5,96.3,95,117,80,65,70,92,Medium Slow,0,1
554,Darumaka,5,Fire,0.6,37.5,70,90,45,15,45,50,Medium Slow,0,1
554,Galarian Darumaka,5,Ice,0.7,40,70,90,45,15,45,50,Medium Slow,0,1
555,Darmanitan Standard Mode,5,Fire,1.3,92.9,105,140,55,30,55,95,Medium Slow,0,1
555,Darmanitan Zen Mode,5,Fire,1.3,92.9,105,30,105,140,105,55,Medium Slow,0,1
555,Darmanitan Galarian Standard Mode,5,Ice,1.7,120,105,140,55,30,55,95,Medium Slow,0,1
555,Darmanitan Galarian Zen Mode,5,Ice,1.7,120,105,160,55,30,55,135,,0,4
556,Maractus,5,Grass,1,28,75,86,67,106,67,60,Medium Fast,0,2
557,Dwebble,5,Bug,0.3,14.5,50,65,85,35,35,55,Medium Fast,0,2
558,Crustle,5,Bug,1.4,200,70,105,125,65,75,45,Medium Fast,0,2
559,Scraggy,5,Dark,0.6,11.8,50,75,70,35,70,48,Medium Fast,0,2
560,Scrafty,5,Dark,1.1,30,65,90,115,45,115,58,Medium Fast,0,2
561,Sigilyph,5,Psychic,1.4,14,72,58,80,103,80,97,Medium Fast,0,2
562,Yamask,5,Ghost,0.5,1.5,38,30,85,55,65,30,Medium Fast,1,2
562,Galarian Yamask,5,Ground,0.5,1.5,38,55,85,30,65,30,Medium Fast,1,2
563,Cofagrigus,5,Ghost,1.7,76.5,58,50,145,95,105,30,Medium Fast,0,2
564,Tirtouga,5,Water,0.7,16.5,54,78,103,53,45,22,Medium Fast,0,2
565,Carracosta,5,Water,1.2,81,74,108,133,83,65,32,Medium Fast,0,2
566,Archen,5,Rock,0.5,9.5,55,112,45,74,45,70,Medium Fast,0,2
567,Archeops,5,Rock,1.4,32,75,140,65,112,65,110,Medium Fast,0,2
568,Trubbish,5,Poison,0.6,31,50,50,62,40,62,65,Medium Fast,0,2
569,Garbodor,5,Poison,1.9,107.3,80,95,82,60,82,75,Medium Fast,0,2
570,Zorua,5,Dark,0.7,12.5,40,65,40,80,40,65,Medium Slow,0,1
571,Zoroark,5,Dark,1.6,81.1,60,105,60,120,60,105,Medium Slow,0,1
572,Minccino,5,Normal,0.4,5.8,55,50,40,40,40,75,Fast,1,3
573,Cinccino,5,Normal,0.5,7.5,75,95,60,65,60,115,Fast,0,3
574,Gothita,5,Psychic,0.4,5.8,45,30,50,55,65,45,Medium Slow,1,1
575,Gothorita,5,Psychic,0.7,18,60,45,70,75,85,55,Medium Slow,0,1
576,Gothitelle,5,Psychic,1.5,44,70,55,95,95,110,65,Medium Slow,0,1
577,Solosis,5,Psychic,0.3,1,45,30,40,105,50,20,Medium Slow,1,1
578,Duosion,5,Psychic,0.6,8,65,40,50,125,60,30,Medium Slow,0,1
579,Reuniclus,5,Psychic,1,20.1,110,65,75,125,85,30,Medium Slow,0,1
580,Ducklett,5,Water,0.5,5.5,62,44,50,44,50,55,Medium Fast,1,2
581,Swanna,5,Water,1.3,24.2,75,87,63,87,63,98,Medium Fast,0,2
582,Vanillite,5,Ice,0.4,5.7,36,50,50,65,60,44,Slow,1,0
583,Vanillish,5,Ice,1.1,41,51,65,65,80,75,59,Slow,0,0
584,Vanilluxe,5,Ice,1.3,57.5,71,95,85,110,95,79,Slow,0,0
585,Deerling,5,Normal,0.6,19.5,60,60,50,40,50,75,Medium Fast,0,2
586,Sawsbuck,5,Normal,1.9,92.5,80,100,70,60,70,95,Medium Fast,0,2
587,Emolga,5,Electric,0.4,5,55,75,60,75,60,103,Medium Fast,1,2
588,Karrablast,5,Bug,0.5,5.9,50,75,45,40,45,60,Medium Fast,1,2
589,Escavalier,5,Bug,1,33,70,135,105,60,105,20,Medium Fast,0,2
590,Foongus,5,Grass,0.2,1,69,55,45,55,55,15,Medium Fast,1,2
591,Amoonguss,5,Grass,0.6,10.5,114,85,70,85,80,30,Medium Fast,0,2
592,Frillish,5,Water,1.2,33,55,40,50,65,85,40,Medium Fast,0,2
593,Jellicent,5,Water,2.2,135,100,60,70,85,105,60,Medium Fast,0,2
594,Alomomola,5,Water,1.2,31.6,165,75,80,40,45,65,Fast,0,3
595,Joltik,5,Bug,0.1,0.6,50,47,50,57,50,65,Medium Fast,1,2
596,Galvantula,5,Bug,0.8,14.3,70,77,60,97,60,108,Medium Fast,0,2
597,Ferroseed,5,Grass,0.6,18.8,44,50,91,24,86,10,Medium Fast,0,2
598,Ferrothorn,5,Grass,1,110,74,94,131,54,116,20,Medium Fast,0,2
599,Klink,5,Steel,0.3,21,40,55,70,45,60,30,Medium Slow,0,1
600,Klang,5,Steel,0.6,51,60,80,95,70,85,50,Medium Slow,0,1
601,Klinklang,5,Steel,0.6,81,60,100,115,70,85,90,Medium Slow,0,1
602,Tynamo,5,Electric,0.2,0.3,35,55,40,45,40,60,Slow,1,0
603,Eelektrik,5,Electric,1.2,22,65,85,70,75,70,40,Slow,0,0
604,Eelektross,5,Electric,2.1,80.5,85,115,80,105,80,50,Slow,0,0
605,Elgyem,5,Psychic,0.5,9,55,55,55,85,55,30,Medium Fast,0,2
606,Beheeyem,5,Psychic,1,34.5,75,75,75,125,95,40,Medium Fast,0,2
607,Litwick,5,Ghost,0.3,3.1,50,30,55,65,55,20,Medium Slow,1,1
608,Lampent,5,Ghost,0.6,13,60,40,60,95,60,55,Medium Slow,0,1
609,Chandelure,5,Ghost,1,34.3,60,55,90,145,90,80,Medium Slow,0,1
610,Axew,5,Dragon,0.6,18,46,87,60,30,40,57,Slow,0,0
611,Fraxure,5,Dragon,1,36,66,117,70,40,50,67,Slow,0,0
612,Haxorus,5,Dragon,1.8,105.5,76,147,90,60,70,97,Slow,0,0
613,Cubchoo,5,Ice,0.5,8.5,55,70,40,60,40,40,Medium Fast,0,2
614,Beartic,5,Ice,2.6,260,95,130,80,70,80,50,Medium Fast,0,2
615,Cryogonal,5,Ice,1.1,148,80,50,50,95,135,105,Medium Fast,0,2
616,Shelmet,5,Bug,0.4,7.7,50,40,85,40,65,25,Medium Fast,0,2
617,Accelgor,5,Bug,0.8,25.3,80,70,40,100,60,145,Medium Fast,0,2
618,Stunfisk,5,Ground,0.7,11,109,66,84,81,99,32,Medium Fast,0,2
618,Galarian Stunfisk,5,Ground,0.7,20.5,109,81,99,66,84,32,Medium Fast,0,2
619,Mienfoo,5,Fighting,0.9,20,45,85,50,55,50,65,Medium Slow,0,1
620,Mienshao,5,Fighting,1.4,35.5,65,125,60,95,60,105,Medium Slow,0,1
621,Druddigon,5,Dragon,1.6,139,77,120,90,60,90,48,Medium Fast,0,2
622,Golett,5,Ground,1,92,59,74,50,35,50,35,Medium Fast,0,2
623,Golurk,5,Ground,2.8,330,89,124,80,55,80,55,Medium Fast,0,2
624,Pawniard,5,Dark,0.5,10.2,45,85,70,40,40,60,Medium Fast,0,2
625,Bisharp,5,Dark,1.6,70,65,125,100,60,70,70,Medium Fast,0,2
626,Bouffalant,5,Normal,1.6,94.6,95,110,95,40,95,55,Medium Fast,0,2
627,Rufflet,5,Normal,0.5,10.5,70,83,50,37,50,60,Slow,0,0
628,Braviary,5,Normal,1.5,41,100,123,75,57,75,80,Slow,0,0
629,Vullaby,5,Dark,0.5,9,70,55,75,45,65,60,Slow,0,0
630,Mandibuzz,5,Dark,1.2,39.5,110,65,105,55,95,80,Slow,0,0
631,Heatmor,5,Fire,1.4,58,85,97,66,105,66,65,Medium Fast,0,2
632,Durant,5,Bug,0.3,33,58,109,112,48,48,109,Medium Fast,0,2
633,Deino,5,Dark,0.8,17.3,52,65,50,45,50,38,Slow,0,0
634,Zweilous,5,Dark,1.4,50,72,85,70,65,70,58,Slow,0,0
635,Hydreigon,5,Dark,1.8,160,92,105,90,125,90,98,Slow,0,0
636,Larvesta,5,Bug,1.1,28.8,55,85,55,50,55,60,Slow,0,0
637,Volcarona,5,Bug,1.6,46,85,60,65,135,105,100,Slow,0,0
638,Cobalion,5,Steel,2.1,250,91,90,129,90,72,108,Slow,0,0
639,Terrakion,5,Rock,1.9,260,91,129,90,72,90,108,Slow,0,0
640,Virizion,5,Grass,2,200,91,90,72,90,129,108,Slow,0,0
641,Tornadus Incarnate Forme,5,Flying,1.5,63,79,115,70,125,80,111,Slow,0,0
641,Tornadus Therian Forme,5,Flying,1.4,63,79,100,80,110,90,121,Slow,0,0
642,Thundurus Incarnate Forme,5,Electric,1.5,61,79,115,70,125,80,111,Slow,0,0
642,Thundurus Therian Forme,5,Electric,3,61,79,105,70,145,80,101,Slow,0,0
643,Reshiram,5,Dragon,3.2,330,100,120,100,150,120,90,Slow,0,0
644,Zekrom,5,Dragon,2.9,345,100,150,120,120,100,90,Slow,0,0
645,Landorus Incarnate Forme,5,Ground,1.5,68,89,125,90,115,80,101,Slow,0,0
645,Landorus Therian Forme,5,Ground,1.3,68,89,145,90,105,80,91,Slow,0,0
646,Kyurem,5,Dragon,3,325,125,130,90,130,90,95,Slow,0,0
646,Black Kyurem,5,Dragon,3.3,325,125,170,100,120,90,95,Slow,0,0
646,White Kyurem,5,Dragon,3.6,325,125,120,90,170,100,95,Slow,0,0
647,Keldeo Ordinary Forme,5,Water,1.4,48.5,91,72,90,129,90,108,Slow,0,0
647,Keldeo Resolute Forme,5,Water,1.4,48.5,91,72,90,129,90,108,Slow,0,0
648,Meloetta Aria Forme,5,Normal,0.6,6.5,100,77,77,128,128,90,Slow,0,0
648,Meloetta Pirouette Forme,5,Normal,0.6,6.5,100,128,90,77,77,128,Slow,0,0
649,Genesect,5,Bug,1.5,82.5,71,120,95,120,95,99,Slow,0,0
650,Chespin,6,Grass,0.4,9,56,61,65,48,45,38,Medium Slow,0,1
651,Quilladin,6,Grass,0.7,29,61,78,95,56,58,57,Medium Slow,0,1
652,Chesnaught,6,Grass,1.6,90,88,107,122,74,75,64,Medium Slow,0,1
653,Fennekin,6,Fire,0.4,9.4,40,45,40,62,60,60,Medium Slow,0,1
654,Braixen,6,Fire,1,14.5,59,59,58,90,70,73,Medium Slow,0,1
655,Delphox,6,Fire,1.5,39,75,69,72,114,100,104,Medium Slow,0,1
656,Froakie,6,Water,0.3,7,41,56,40,62,44,71,Medium Slow,0,1
657,Frogadier,6,Water,0.6,10.9,54,63,52,83,56,97,Medium Slow,0,1
658,Greninja,6,Water,1.5,40,72,95,67,103,71,122,Medium Slow,0,1
658,Ash-Greninja,6,Water,1.5,40,72,145,67,153,71,132,Medium Slow,0,1
659,Bunnelby,6,Normal,0.4,5,38,36,38,32,36,57,Medium Fast,1,2
660,Diggersby,6,Normal,1,42.4,85,56,77,50,77,78,Medium Fast,0,2
661,Fletchling,6,Normal,0.3,1.7,45,50,43,40,38,62,Medium Slow,1,1
662,Fletchinder,6,Fire,0.7,16,62,73,55,56,52,84,Medium Slow,0,1
663,Talonflame,6,Fire,1.2,24.5,78,81,71,74,69,126,Medium Slow,0,1
664,Scatterbug,6,Bug,0.3,2.5,38,35,40,27,25,35,Medium Fast,1,2
665,Spewpa,6,Bug,0.3,8.4,45,22,60,27,30,29,Medium Fast,0,2
666,Vivillon,6,Bug,1.2,17,80,52,50,90,50,89,Medium Fast,0,2
667,Litleo,6,Fire,0.6,13.5,62,50,58,73,54,72,Medium Slow,0,1
668,Pyroar,6,Fire,1.5,81.5,86,68,72,109,66,106,Medium Slow,0,1
669,Flabébé,6,Fairy,0.1,0.1,44,38,39,61,79,42,Medium Fast,1,2
670,Floette,6,Fairy,0.2,0.9,54,45,47,75,98,52,Medium Fast,1,2
671,Florges,6,Fairy,1.1,10,78,65,68,112,154,75,Medium Fast,0,2
672,Skiddo,6,Grass,0.9,31,66,65,48,62,57,52,Medium Fast,0,2
673,Gogoat,6,Grass,1.7,91,123,100,62,97,81,68,Medium Fast,0,2
674,Pancham,6,Fighting,0.6,8,67,82,62,46,48,43,Medium Fast,0,2
675,Pangoro,6,Fighting,2.1,136,95,124,78,69,71,58,Medium Fast,0,2
676,Furfrou,6,Normal,1.2,28,75,80,60,65,90,102,Medium Fast,0,2
677,Espurr,6,Psychic,0.3,3.5,62,48,54,63,60,68,Medium Fast,1,2
678,Meowstic Male,6,Psychic,0.6,8.5,74,48,76,83,81,104,Medium Fast,0,2
678,Meowstic Female,6,Psychic,0.6,8.5,74,48,76,83,81,104,Medium Fast,0,2
679,Honedge,6,Steel,0.8,2,45,80,100,35,37,28,Medium Fast,1,2
680,Doublade,6,Steel,0.8,4.5,59,110,150,45,49,35,Medium Fast,1,2
681,Aegislash Blade Forme,6,Steel,1.7,53,60,150,50,150,50,60,Medium Fast,0,2
681,Aegislash Shield Forme,6,Steel,1.7,53,60,50,150,50,150,60,Medium Fast,0,2
682,Spritzee,6,Fairy,0.2,0.5,78,52,60,63,65,23,Medium Fast,1,2
683,Aromatisse,6,Fairy,0.8,15.5,101,72,72,99,89,29,Medium Fast,0,2
684,Swirlix,6,Fairy,0.4,3.5,62,48,66,59,57,49,Medium Fast,1,2
685,Slurpuff,6,Fairy,0.8,5,82,80,86,85,75,72,Medium Fast,1,2
686,Inkay,6,Dark,0.4,3.5,53,54,53,37,46,45,Medium Fast,1,2
687,Malamar,6,Dark,1.5,47,86,92,88,68,75,73,Medium Fast,0,2
688,Binacle,6,Rock,0.5,31,42,52,67,39,56,50,Medium Fast,0,2
689,Barbaracle,6,Rock,1.3,96,72,105,115,54,86,68,Medium Fast,0,2
690,Skrelp,6,Poison,0.5,7.3,50,60,60,60,60,30,Medium Fast,0,2
691,Dragalge,6,Poison,1.8,81.5,65,75,90,97,123,44,Medium Fast,0,2
692,Clauncher,6,Water,0.5,8.3,50,53,62,58,63,44,Slow,0,0
693,Clawitzer,6,Water,1.3,35.3,71,73,88,120,89,59,Slow,0,0
694,Helioptile,6,Electric,0.5,6,44,38,33,61,43,70,Medium Fast,0,2
695,Heliolisk,6,Electric,1,21,62,55,52,109,94,109,Medium Fast,0,2
696,Tyrunt,6,Rock,0.8,26,58,89,77,45,45,48,Medium Fast,0,2
697,Tyrantrum,6,Rock,2.5,270,82,121,119,69,59,71,Medium Fast,0,2
698,Amaura,6,Rock,1.3,25.2,77,59,50,67,63,46,Medium Fast,0,2
699,Aurorus,6,Rock,2.7,225,123,77,72,99,92,58,Medium Fast,0,2
700,Sylveon,6,Fairy,1,23.5,95,65,65,110,130,60,Medium Fast,0,2
701,Hawlucha,6,Fighting,0.8,21.5,78,92,75,74,63,118,Medium Fast,0,2
702,Dedenne,6,Electric,0.2,2.2,67,58,57,81,67,101,Medium Fast,1,2
703,Carbink,6,Rock,0.3,5.7,50,50,150,50,150,50,Slow,1,0
704,Goomy,6,Dragon,0.3,2.8,45,50,35,55,75,40,Slow,1,0
705,Sliggoo,6,Dragon,0.8,17.5,68,75,53,83,113,60,Slow,0,0
706,Goodra,6,Dragon,2,150.5,90,100,70,110,150,80,Slow,0,0
707,Klefki,6,Steel,0.2,3,57,80,91,80,87,75,Fast,1,3
708,Phantump,6,Ghost,0.4,7,43,70,48,50,60,38,Medium Fast,0,2
709,Trevenant,6,Ghost,1.5,71,85,110,76,65,82,56,Medium Fast,0,2
710,Pumpkaboo Average Size,6,Ghost,0.4,5,49,66,70,44,55,51,Medium Fast,1,2
710,Pumpkaboo Small Size,6,Ghost,0.3,3.5,44,66,70,44,55,56,Medium Fast,1,2
710,Pumpkaboo Large Size,6,Ghost,0.5,7.5,54,66,70,44,55,46,Medium Fast,0,2
710,Pumpkaboo Super Size,6,Ghost,0.8,15,59,66,70,44,55,41,Medium Fast,0,2
711,Gourgeist Average Size,6,Ghost,0.9,12.5,65,90,122,58,75,84,Medium Fast,0,2
711,Gourgeist Small Size,6,Ghost,0.7,9.5,55,85,122,58,75,99,Medium Fast,0,2
711,Gourgeist Large Size,6,Ghost,1.1,14,75,95,122,58,75,69,Medium Fast,0,2
711,Gourgeist Super Size,6,Ghost,1.7,39,85,100,122,58,75,54,Medium Fast,0,2
712,Bergmite,6,Ice,1,99.5,55,69,85,32,35,28,Medium Fast,0,2
713,Avalugg,6,Ice,2,505,95,117,184,44,46,28,Medium Fast,0,2
714,Noibat,6,Flying,0.5,8,40,30,35,45,40,55,Medium Fast,0,2
715,Noivern,6,Flying,1.5,85,85,70,80,97,80,123,Medium Fast,0,2
716,Xerneas,6,Fairy,3,215,126,131,95,131,98,99,Slow,0,0
717,Yveltal,6,Dark,5.8,203,126,131,95,131,98,99,Slow,0,0
718,Zygarde 50% Forme,6,Dragon,5,305,108,100,121,81,95,95,Slow,0,0
718,Zygarde 10% Forme,6,Dragon,1.2,33.5,54,100,71,61,85,115,Slow,0,0
718,Zygarde Complete Forme,6,Dragon,4.5,610,216,100,121,91,95,85,Slow,0,0
719,Diancie,6,Rock,0.7,8.8,50,100,150,100,150,50,Slow,0,0
719,Mega Diancie,6,Rock,1.1,27.8,50,160,110,160,110,110,Slow,0,0
720,Hoopa Hoopa Confined,6,Psychic,0.5,9,80,110,60,150,130,70,Slow,0,0
720,Hoopa Hoopa Unbound,6,Psychic,6.5,490,80,160,60,170,130,80,Slow,0,0
721,Volcanion,6,Fire,1.7,195,80,110,120,130,90,70,Slow,0,0
722,Rowlet,7,Grass,0.3,1.5,68,55,55,50,50,42,Medium Slow,1,1
723,Dartrix,7,Grass,0.7,16,78,75,75,70,70,52,Medium Slow,0,1
724,Decidueye,7,Grass,1.6,36.6,78,107,75,100,100,70,Medium Slow,0,1
725,Litten,7,Fire,0.4,4.3,45,65,40,60,40,70,Medium Slow,1,1
726,Torracat,7,Fire,0.7,25,65,85,50,80,50,90,Medium Slow,0,1
727,Incineroar,7,Fire,1.8,83,95,115,90,80,90,60,Medium Slow,0,1
728,Popplio,7,Water,0.4,7.5,50,54,54,66,56,40,Medium Slow,0,1
729,Brionne,7,Water,0.6,17.5,60,69,69,91,81,50,Medium Slow,0,1
730,Primarina,7,Water,1.8,44,80,74,74,126,116,60,Medium Slow,0,1
731,Pikipek,7,Normal,0.3,1.2,35,75,30,30,30,65,Medium Fast,1,2
732,Trumbeak,7,Normal,0.6,14.8,55,85,50,40,50,75,Medium Fast,0,2
733,Toucannon,7,Normal,1.1,26,80,120,75,75,75,60,Medium Fast,0,2
734,Yungoos,7,Normal,0.4,6,48,70,30,30,30,45,Medium Fast,0,2
735,Gumshoos,7,Normal,0.7,14.2,88,110,60,55,60,45,Medium Fast,0,2
736,Grubbin,7,Bug,0.4,4.4,47,62,45,55,45,46,Medium Fast,1,2
737,Charjabug,7,Bug,0.5,10.5,57,82,95,55,75,36,Medium Fast,0,2
738,Vikavolt,7,Bug,1.5,45,77,70,90,145,75,43,Medium Fast,0,2
739,Crabrawler,7,Fighting,0.6,7,47,82,57,42,47,63,Medium Fast,0,2
740,Crabominable,7,Fighting,1.7,180,97,132,77,62,67,43,Medium Fast,0,2
741,Oricorio Baile Style,7,Fire,0.6,3.4,75,70,70,98,70,93,Medium Fast,1,2
741,Oricorio Pom-Pom Style,7,Electric,0.6,3.4,75,70,70,98,70,93,Medium Fast,1,2
741,Oricorio Pa'u Style,7,Psychic,0.6,3.4,75,70,70,98,70,93,Medium Fast,1,2
741,Oricorio Sensu Style,7,Ghost,0.6,3.4,75,70,70,98,70,93,Medium Fast,1,2
742,Cutiefly,7,Bug,0.1,0.2,40,45,40,55,40,84,Medium Fast,1,2
743,Ribombee,7,Bug,0.2,0.5,60,55,60,95,70,124,Medium Fast,1,2
744,Rockruff,7,Rock,0.5,9.2,45,65,40,30,40,60,Medium Fast,0,2
744,Own Tempo Rockruff,7,Rock,0.5,9.2,45,65,40,30,40,60,Medium Fast,0,2
745,Lycanroc Midday Form,7,Rock,0.8,25,75,115,65,55,65,112,Medium Fast,0,2
745,Lycanroc Midnight Form,7,Rock,1.1,25,85,115,75,55,75,82,Medium Fast,0,2
745,Lycanroc Dusk Form,7,Rock,0.8,25,75,117,65,55,65,110,Medium Fast,0,2
746,Wishiwashi Solo Form,7,Water,0.2,0.3,45,20,20,25,25,40,Fast,1,3
746,Wishiwashi School Form,7,Water,8.2,78.6,45,140,130,140,135,30,Fast,0,3
747,Mareanie,7,Poison,0.4,8,50,53,62,43,52,45,Medium Fast,0,2
748,Toxapex,7,Poison,0.7,14.5,50,63,152,53,142,35,Medium Fast,0,2
749,Mudbray,7,Ground,1,110,70,100,70,45,55,45,Medium Fast,0,2
750,Mudsdale,7,Ground,2.5,920,100,125,100,55,85,35,Medium Fast,0,2
751,Dewpider,7,Water,0.3,4,38,40,52,40,72,27,Medium Fast,1,2
752,Araquanid,7,Water,1.8,82,68,70,92,50,132,42,Medium Fast,0,2
753,Fomantis,7,Grass,0.3,1.5,40,55,35,50,35,35,Medium Fast,1,2
754,Lurantis,7,Grass,0.9,18.5,70,105,90,80,90,45,Medium Fast,0,2
755,Morelull,7,Grass,0.2,1.5,40,35,55,65,75,15,Medium Fast,1,2
756,Shiinotic,7,Grass,1,11.5,60,45,80,90,100,30,Medium Fast,0,2
757,Salandit,7,Poison,0.6,4.8,48,44,40,71,40,77,Medium Fast,1,2
758,Salazzle,7,Poison,1.2,22.2,68,64,60,111,60,117,Medium Fast,0,2
759,Stufful,7,Normal,0.5,6.8,70,75,50,45,50,50,Medium Fast,0,2
760,Bewear,7,Normal,2.1,135,120,125,80,55,60,60,Medium Fast,0,2
761,Bounsweet,7,Grass,0.3,3.2,42,30,38,30,38,32,Medium Slow,1,1
762,Steenee,7,Grass,0.7,8.2,52,40,48,40,48,62,Medium Slow,0,1
763,Tsareena,7,Grass,1.2,21.4,72,120,98,50,98,72,Medium Slow,0,1
764,Comfey,7,Fairy,0.1,0.3,51,52,90,82,110,100,Fast,1,3
765,Oranguru,7,Normal,1.5,76,90,60,80,90,110,60,Slow,0,0
766,Passimian,7,Fighting,2,82.8,100,120,90,40,60,80,Slow,0,0
767,Wimpod,7,Bug,0.5,12,25,35,40,20,30,80,Medium Fast,0,2
768,Golisopod,7,Bug,2,108,75,125,140,60,90,40,Medium Fast,0,2
769,Sandygast,7,Ghost,0.5,70,55,55,80,70,45,15,Medium Fast,0,2
770,Palossand,7,Ghost,1.3,250,85,75,110,100,75,35,Medium Fast,0,2
771,Pyukumuku,7,Water,0.3,1.2,55,60,130,30,130,5,Fast,1,3
772,Type: Null,7,Normal,1.9,120.5,95,95,95,95,95,59,Slow,0,0
773,Silvally,7,Normal,2.3,100.5,95,95,95,95,95,95,Slow,0,0
774,Minior Meteor Form,7,Rock,0.3,40,60,60,100,60,100,60,Medium Slow,0,1
774,Minior Core Form,7,Rock,0.3,0.3,60,100,60,100,60,120,Medium Slow,1,1
775,Komala,7,Normal,0.4,19.9,65,115,65,75,95,65,Slow,0,0
776,Turtonator,7,Fire,2,212,60,78,135,91,85,36,Medium Fast,0,2
777,Togedemaru,7,Electric,0.3,3.3,65,98,63,40,73,96,Medium Fast,1,2
778,Mimikyu,7,Ghost,0.2,0.7,55,90,80,50,105,96,Medium Fast,1,2
779,Bruxish,7,Water,0.9,19,68,105,70,70,70,92,Medium Fast,0,2
780,Drampa,7,Normal,3,185,78,60,85,135,91,36,Medium Fast,0,2
781,Dhelmise,7,Ghost,3.9,210,70,131,100,86,90,40,Medium Fast,0,2
782,Jangmo-o,7,Dragon,0.6,29.7,45,55,65,45,45,45,Slow,0,0
783,Hakamo-o,7,Dragon,1.2,47,55,75,90,65,70,65,Slow,0,0
784,Kommo-o,7,Dragon,1.6,78.2,75,110,125,100,105,85,Slow,0,0
785,Tapu Koko,7,Electric,1.8,20.5,70,115,85,95,75,130,Slow,0,0
786,Tapu Lele,7,Psychic,1.2,18.6,70,85,75,130,115,95,Slow,0,0
787,Tapu Bulu,7,Grass,1.9,45.5,70,130,115,85,95,75,Slow,0,0
788,Tapu Fini,7,Water,1.3,21.2,70,75,115,95,130,85,Slow,0,0
789,Cosmog,7,Psychic,0.2,0.1,43,29,31,29,31,37,Slow,1,0
790,Cosmoem,7,Psychic,0.1,999.9,43,29,131,29,131,37,Slow,0,0
791,Solgaleo,7,Psychic,3.4,230,137,137,107,113,89,97,Slow,0,0
792,Lunala,7,Psychic,4,120,137,113,89,137,107,97,Slow,0,0
793,Nihilego,7,Rock,1.2,55.5,109,53,47,127,131,103,Slow,0,0
794,Buzzwole,7,Bug,2.4,333.6,107,139,139,53,53,79,Slow,0,0
795,Pheromosa,7,Bug,1.8,25,71,137,37,137,37,151,Slow,0,0
796,Xurkitree,7,Electric,3.8,100,83,89,71,173,71,83,Slow,0,0
797,Celesteela,7,Steel,9.2,999.9,97,101,103,107,101,61,Slow,0,0
798,Kartana,7,Grass,0.3,0.1,59,181,131,59,31,109,Slow,1,0
799,Guzzlord,7,Dark,5.5,888,223,101,53,97,53,43,Slow,0,0
800,Necrozma,7,Psychic,2.4,230,97,107,101,127,89,79,Slow,0,0
800,Dusk Mane Necrozma,7,Psychic,3.8,460,97,157,127,113,109,77,Slow,0,0
800,Dawn Wings Necrozma,7,Psychic,4.2,350,97,113,109,157,127,77,Slow,0,0
800,Ultra Necrozma,7,Psychic,7.5,230,97,167,97,167,97,129,Slow,0,0
801,Magearna,7,Steel,1,80.5,80,95,115,130,115,65,Slow,0,0
802,Marshadow,7,Fighting,0.7,22.2,90,125,80,90,90,125,Slow,0,0
803,Poipole,7,Poison,0.6,1.8,67,73,67,73,67,73,Slow,1,0
804,Naganadel,7,Poison,3.6,150,73,73,73,127,73,121,Slow,0,0
805,Stakataka,7,Rock,5.5,820,61,131,211,53,101,13,Slow,0,0
806,Blacephalon,7,Fire,1.8,13,53,127,53,151,79,107,Slow,0,0
807,Zeraora,7,Electric,1.5,44.5,88,112,75,102,80,143,Slow,0,0
808,Meltan,7,Steel,0.2,8,46,65,65,55,35,34,Slow,0,0
809,Melmetal,7,Steel,2.5,800,135,143,143,80,65,34,Slow,0,0
810,Grookey,8,Grass,0.3,5,50,65,50,40,40,65,Medium Slow,1,1
811,Thwackey,8,Grass,0.7,14,70,85,70,55,60,80,Medium Slow,0,1
812,Rillaboom,8,Grass,2.1,90,100,125,90,60,70,85,Medium Slow,0,1
813,Scorbunny,8,Fire,0.3,4.5,50,71,40,40,40,69,Medium Slow,1,1
814,Raboot,8,Fire,0.6,9,65,86,60,55,60,94,Medium Slow,0,1
815,Cinderace,8,Fire,1.4,33,80,116,75,65,75,119,Medium Slow,0,1
816,Sobble,8,Water,0.3,4,50,40,40,70,40,70,Medium Slow,1,1
817,Drizzile,8,Water,0.7,11.5,65,60,55,95,55,90,Medium Slow,0,1
818,Inteleon,8,Water,1.9,45.2,70,85,65,125,65,120,Medium Slow,0,1
819,Skwovet,8,Normal,0.3,2.5,70,55,55,35,35,25,Medium Fast,1,2
820,Greedent,8,Normal,0.6,6,120,95,95,55,75,20,Medium Fast,0,2
821,Rookidee,8,Flying,0.2,1.8,38,47,35,33,35,57,Medium Slow,1,1
822,Corvisquire,8,Flying,0.8,16,68,67,55,43,55,77,Medium Slow,0,1
823,Corviknight,8,Flying,2.2,75,98,87,105,53,85,67,Medium Slow,0,1
824,Blipbug,8,Bug,0.4,8,25,20,20,25,45,45,Medium Fast,0,2
825,Dottler,8,Bug,0.4,19.5,50,35,80,50,90,30,Medium Fast,0,2
826,Orbeetle,8,Bug,0.4,40.8,60,45,110,80,120,90,Medium Fast,0,2
827,Nickit,8,Dark,0.6,8.9,40,28,28,47,52,50,Fast,0,3
828,Thievul,8,Dark,1.2,19.9,70,58,58,87,92,90,Fast,0,3
829,Gossifleur,8,Grass,0.4,2.2,40,40,60,40,60,10,Medium Fast,1,2
830,Eldegoss,8,Grass,0.5,2.5,60,50,90,80,120,60,Medium Fast,1,2
831,Wooloo,8,Normal,0.6,6,42,40,55,40,45,48,Medium Fast,0,2
832,Dubwool,8,Normal,1.3,43,72,80,100,60,90,88,Medium Fast,0,2
833,Chewtle,8,Water,0.3,8.5,50,64,50,38,38,44,Medium Fast,0,2
834,Drednaw,8,Water,1,115.5,90,115,90,48,68,74,Medium Fast,0,2
835,Yamper,8,Electric,0.3,13.5,59,45,50,40,50,26,Fast,0,3
836,Boltund,8,Electric,1,34,69,90,60,90,60,121,Fast,0,3
837,Rolycoly,8,Rock,0.3,12,30,40,50,40,50,30,Medium Slow,0,1
838,Carkol,8,Rock,1.1,78,80,60,90,60,70,50,Medium Slow,0,1
839,Coalossal,8,Rock,2.8,310.5,110,80,120,80,90,30,Medium Slow,0,1
840,Applin,8,Grass,0.2,0.5,40,40,80,40,40,20,Erratic,1,4
841,Flapple,8,Grass,0.3,1,70,110,80,95,60,70,Erratic,1,4
842,Appletun,8,Grass,0.4,13,110,85,80,100,80,30,Erratic,0,4
843,Silicobra,8,Ground,2.2,7.6,52,57,75,35,50,46,Medium Fast,0,2
844,Sandaconda,8,Ground,3.8,65.5,72,107,125,65,70,71,Medium Fast,0,2
845,Cramorant,8,Flying,0.8,18,70,85,55,85,95,85,Medium Fast,0,2
846,Arrokuda,8,Water,0.5,1,41,63,40,40,30,66,Slow,1,0
847,Barraskewda,8,Water,1.3,30,61,123,60,60,50,136,Slow,0,0
848,Toxel,8,Electric,0.4,11,40,38,35,54,35,40,Medium Slow,0,1
849,Toxtricity Low Key Form,8,Electric,1.6,40,75,98,70,114,70,75,Medium Slow,0,1
849,Toxtricity Amped Form,8,Electric,1.6,40,75,98,70,114,70,75,Medium Slow,0,1
850,Sizzlipede,8,Fire,0.7,1,50,65,45,50,50,45,Medium Fast,1,2
851,Centiskorch,8,Fire,3,120,100,115,65,90,90,65,Medium Fast,0,2
852,Clobbopus,8,Fighting,0.6,4,50,68,60,50,50,32,Medium Slow,1,1
853,Grapploct,8,Fighting,1.6,39,80,118,90,70,80,42,Medium Slow,0,1
854,Sinistea,8,Ghost,0.1,0.2,40,45,45,74,54,50,Medium Fast,1,2
855,Polteageist,8,Ghost,0.2,0.4,60,65,65,134,114,70,Medium Fast,1,2
856,Hatenna,8,Psychic,0.4,3.4,42,30,45,56,53,39,Slow,1,0
857,Hattrem,8,Psychic,0.6,4.8,57,40,65,86,73,49,Slow,1,0
858,Hatterene,8,Psychic,2.1,5,57,90,95,136,103,29,Slow,1,0
859,Impidimp,8,Dark,0.4,5.5,45,45,30,55,40,50,Medium Fast,1,2
860,Morgrem,8,Dark,0.8,12.5,65,60,45,75,55,70,Medium Fast,0,2
861,Grimmsnarl,8,Dark,1.5,61,95,120,65,95,75,60,Medium Fast,0,2
862,Obstagoon,8,Dark,1.6,46,93,90,101,60,81,95,Medium Fast,0,2
863,Perrserker,8,Steel,0.8,28,70,110,100,50,60,50,Medium Fast,0,2
864,Cursola,8,Ghost,1,0.4,60,95,50,145,130,30,Fast,1,3
865,Sirfetch'd,8,Fighting,0.8,117,62,135,95,68,82,65,Medium Fast,0,2
866,Mr. Rime,8,Psychic,1.5,58.2,80,85,75,110,100,70,Medium Fast,0,2
867,Runerigus,8,Ground,1.6,66.6,58,95,145,50,105,30,Medium Fast,0,2
868,Milcery,8,Fairy,0.2,0.3,45,40,40,50,61,34,Medium Fast,1,2
869,Alcremie,8,Fairy,0.3,0.5,65,60,75,110,121,64,Medium Fast,1,2
870,Falinks,8,Fighting,3,62,65,100,100,70,60,75,Medium Fast,0,2
871,Pincurchin,8,Electric,0.3,1,48,101,95,91,85,15,Medium Fast,1,2
872,Snom,8,Ice,0.3,3.8,30,25,35,45,30,20,Medium Fast,1,2
873,Frosmoth,8,Ice,1.3,42,70,65,60,125,90,65,Medium Fast,0,2
874,Stonjourner,8,Rock,2.5,520,100,125,135,20,20,70,Slow,0,0
875,Eiscue Ice Face,8,Ice,1.4,89,75,80,110,65,90,50,Slow,0,0
875,Eiscue Noice Face,8,Ice,1.4,89,75,80,70,65,50,130,Slow,0,0
876,Indeedee Male,8,Psychic,0.9,28,60,65,55,105,95,95,Fast,0,3
876,Indeedee Female,8,Psychic,0.9,28,70,55,65,95,105,85,Fast,0,3
877,Morpeko Full Belly Mode,8,Electric,0.3,3,58,95,58,70,58,97,Medium Fast,1,2
877,Morpeko Hangry Mode,8,Electric,0.3,3,58,95,58,70,58,97,Medium Fast,1,2
878,Cufant,8,Steel,1.2,100,72,80,49,40,49,40,Medium Fast,0,2
879,Copperajah,8,Steel,3,650,122,130,69,80,69,30,Medium Fast,0,2
880,Dracozolt,8,Electric,1.8,190,90,100,90,80,70,75,Slow,0,0
881,Arctozolt,8,Electric,2.3,150,90,100,90,90,80,55,Slow,0,0
882,Dracovish,8,Water,2.3,215,90,90,100,70,80,75,Slow,0,0
883,Arctovish,8,Water,2,175,90,90,100,80,90,55,Slow,0,0
884,Duraludon,8,Steel,1.8,40,70,95,115,120,50,85,Medium Fast,0,2
885,Dreepy,8,Dragon,0.5,2,28,60,30,40,30,82,Slow,1,0
886,Drakloak,8,Dragon,1.4,11,68,80,50,60,50,102,Slow,0,0
887,Dragapult,8,Dragon,3,50,88,120,75,100,75,142,Slow,0,0
888,Zacian Crowned Sword,8,Fairy,2.8,355,92,170,115,80,115,148,Slow,0,0
888,Zacian Hero of Many Battles,8,Fairy,2.8,110,92,130,115,80,115,138,Slow,0,0
889,Zamazenta Crowned Shield,8,Fighting,2.9,785,92,130,145,80,145,128,Slow,0,0
889,Zamazenta Hero of Many Battles,8,Fighting,2.9,210,92,130,115,80,115,138,Slow,0,0
890,Eternatus,8,Poison,20,950,140,85,95,145,95,130,Slow,0,0
890,Eternatus Eternamax,8,Poison,100,,255,115,250,125,250,130,Slow,1,0
